1,0,"လှည်းကူးဈေးရှေ့, တာဆုံ, ဒရယ်ဖို, ပေါက်ကုန်း, ရဲမွန်, စီအိုတီ, ဇရပ်ကွင်း(တာဆုံ), အင်းတိုင်, တရုတ်ကုန်း, သနပ်ပင်, သင်္ဃန်းကျွန်း, ရွာသာကြီး(စီးပွားရေးတက္ကသိုလ်), တောင်မြောက်လမ်းဆုံ, စံပြဈေး, ဇဝန, သုမင်္ဂလာ, ရတနာလမ်း(သင်္ဃန်းကျွန်း), မြင်သာ(ကညန), စံပြဈေး","လှည်းကူးဈေး, သဉ္ဇာဦး, လှည်းကူးတာဆုံ, လေးထောင့်ကန်(ဆိုက်မွေး ၁), ရိပ်သာ, သမ, ဦးခွေးပု, မုန့်ဖို, သပြေခြံ, ဒီဇင်ဘာအလယ်ပေါက်, အအေးခန်း, ယူနစ်(၃), စီးပွားရေးတက္ကသိုလ်, ကြိုဆိုရေး, ဆည်မြောင်း, တစ်ရာ့လေးဆယ်, ကျောင်းရှေ့, အကြော်တဲ, ညောင်ပင်, အကောက်ခွန်, လိုင်စင်ရုံး(အလယ်ပေါက်), ဦးထွန်းမြတ်, ဆေးရုံရှေ့, ကျောက်လမ်း, တပ်ရင်း(၃), လေကျောင်း, သင်တန်းကျောင်း, နတ်စင်, တောင်/မြောက်လမ်းဆုံ, တံတားဖြူ, ကားကြီးဂိတ်, စံပြဈေး/ငမိုးရိပ်, မေတ္တာရွှေရည်, ဘဝမြင့်, ကုလားစု, ဘီအိုစီ, ဘုရားလမ်း, ဇဝန, သရက်တော, အောင်ရတနာ, (၁၄/၁၅)လမ်းဆုံ, ကျိုက္ကစံဘုရား, ဂိတ်ဟောင်း, အာနန္ဒာဘုရား, ဘဝမြင့်, ဒေဝဒဟ, လိုင်စင်ရုံး, စံပြဈေး/ငမိုးရိပ်, ကားကြီးဂိတ်, တံတားဖြူ, တောင်/မြောက်လမ်းဆုံ, နတ်စင်, သင်တန်းကျောင်း, လေကျောင်း, တပ်ရင်း(၃), ကျောက်လမ်း, ဆေးရုံရှေ့, ဦးထွန်းမြတ်, လိုင်စင်ရုံး(အလယ်ပေါက်), အကောက်ခွန်, ညောင်ပင်, အကြော်တဲ, ကျောင်းရှေ့, တစ်ရာ့လေးဆယ်, ဆည်မြောင်း, ကြိုဆိုရေး, စီးပွားရေးတက္ကသိုလ်, ယူနစ်(၃), အအေးခန်း, ဒီဇင်ဘာအလယ်ပေါက်, သပြေခြံ, မုန့်ဖို, ဦးခွေးပု, သမ, ရိပ်သာ, လေးထောင့်ကန်(ဆိုက်မွေး ၁), လှည်းကူးတာဆုံ, သဉ္ဇာဦး, လှည်းကူးဈေး"
2,1,"ယုဇန(ခိုင်ရွှေဝါလမ်း), ပြည်ထောင်စုလမ်း, လှော်ကားလမ်း, မောင်းမကန်လမ်း, အမှတ်(၂)လမ်း, တောင်မြောက်လမ်းဆုံ, ပြည်ထောင်စုလမ်း, ဗိုလ်မှူးဗထူးလမ်း, မြောက်ဥက္ကလာပအဝိုင်း, ခေမာသီလမ်း, ဆေးတက္ကသိုလ်(၂), မြောက်ဥက္ကလာပဆေးရုံ, သုဓမ္မာလမ်း, ၆ကွေ့, အောင်မင်္ဂလာအဝေးပြေးဝင်း","(၁၁)လမ်း, (၃၂)ဂိတ်, ဆောက်လုပ်ရေး, စစ်တောင်းလမ်းထိပ်, ရွှေတောင်ကြားလမ်း, ဧရာဝတီလမ်းထိပ်, စက်မှုဇုံဈေး, ကြာကန်, သစ္စာ, ကုန်တိုက်, (၂၀)ဈေး, ကားလေးဂိတ်, ဘုန်းကြီးကျောင်းကွေ့, တံတားထိပ်, ကွမ်းယာဆိုင်, မြို့ဦးကျောင်း, တောင်/မြောက်လမ်းဆုံ, တောင်/မြောက်လမ်းဆုံ, မြို့ဦးစေတီ, တံတားထိပ်, ကပရ, အားကစားကွင်း, မဝတ, စွမ်းအင်, ကုန်ပဒေသာ, ရုံးရှေ့, (၇/၈)လမ်းဆုံ, (၄၅)မှတ်တိုင်, (၄၆)လမ်းဆုံ, ကြားမှတ်တိုင်, ဗထူးဈေး, ဗညားဒလ, ကျောင်းလေးရှေ့, (၄၄)လမ်းဆုံ, ကျန်းမာရေး, ကျောင်းကွေ့, ဖြိုးစံပယ်, ခေမာ, ဂန္ဓာရုံ, ဂိတ်ဟောင်း, ရုံးသစ်, မေဓာဝီ, ဥက္ကာ, ရုံး, ဲမြရတနာ, နွယ်သာဂီ, ရုပ်ရှင်ရုံ, (ဈ)ဈေး, ကန်သာယာ, ဧရာ, (၆)ကွေ့, ဓမ္မာရုံ, အောင်မင်္ဂလာအဝေးပြေး, အောင်မင်္ဂလာအဝေးပြေး, ဓမ္မာရုံ, (၆)ကွေ့, ကန်သာယာ, (ဈ)ဈေး, ရုပ်ရှင်ရုံ, နွယ်သာဂီ, ဲမြရတနာ, ရုံး, ဥက္ကာ, မေဓာဝီ, ရုံးသစ်, ဂိတ်ဟောင်း, ဂန္ဓာရုံ, ခေမာ, ဖြိုးစံပယ်, ကျောင်းကွေ့, ကျန်းမာရေး, (၄၄)လမ်းဆုံ, ကျောင်းလေးရှေ့, ဗညားဒလ, ဗထူးဈေး, ကြားမှတ်တိုင်, (၄၆)လမ်းဆုံ, (၄၅)မှတ်တိုင်, (၇/၈)လမ်းဆုံ, ရုံးရှေ့, ကုန်ပဒေသာ, စွမ်းအင်, မဝတ, အားကစားကွင်း, ကပရ, တံတားထိပ်, မြို့ဦးစေတီ, တောင်/မြောက်လမ်းဆုံ, မြို့ဦးကျောင်း, ကွမ်းယာဆိုင်, တံတားထိပ်, ဘုန်းကြီးကျောင်းကွေ့, ကားလေးဂိတ်, (၂၀)ဈေး, ကုန်တိုက်, သစ္စာ, ကြာကန်, စက်မှုဇုံဈေး, ဧရာဝတီလမ်းထိပ်, ရွှေတောင်ကြားလမ်း, စစ်တောင်းလမ်းထိပ်, ဆောက်လုပ်ရေး, (၃၂)ဂိတ်, (၁၁)လမ်း"
3,1,"ယုဇနဥယျာဉ်မြို့တော်, ပဲခူးမြစ်လမ်း, ဧရာဝဏ်လမ်း, မောင်းမကန်လမ်း, စည်ပင်လမ်း, တောင်မြောက်လမ်းဆုံ, စံပြဈေး, လေးထောင့်ကန်လမ်း, အရှေ့မြင်းပြိုင်ကွင်းလမ်း, တာမွေအဝိုင်း, ဗညားဒလလမ်း, ယုဇနပလာဇာ, မင်္ဂလာဈေး, ကျိုက္ကဆံလမ်း","(၁၁)လမ်း, ပိတောက်ကွေ့, မုခ်ဦး(ယုဇနဥယျာဉ်), မဝတရုံးရှေ့/အိုးအိမ်, မြနန္ဒာ, ရတနာလမ်း, သိမ်ကျောင်း, ဧရာဝဏ်, အဝေရာ, ဘုန်းကြီးကျောင်းကွေ့, တံတားထိပ်, (၁၈)ကွေ့, ကျန်းမာရေး, ကျောင်းရှေ့, ဂိတ်ဟောင်း, ကုန်ပဒေသာ, သစ်ဆိုင်ကွေ့, ယောက်ကော်, ပန်းခြံ, သံလမ်း, တောင်/မြောက်လမ်းဆုံ, တံတားဖြူ, ကားကြီးဂိတ်, စံပြဈေး/ငမိုးရိပ်, မေတ္တာရွှေရည်, ဘဝမြင့်, ကုလားစု, ဘီအိုစီ, ဘုရားလမ်း, ဇဝန, ခပ်ချီးယား, အသင်းတိုက်, သံလမ်း, လမ်းဆုံ, ကျောင်းရှေ့, ဗျိုင်းရေအိုးစင်, သီတာ, အောင်မင်္ဂလာ, ယုဇနပလာဇာ/လမ်းကျယ်, မင်္ဂလာမွန်ဈေး, ဗျိုင်းရေအိုးစင်, ကျောင်းရှေ့, လမ်းဆုံ, သံလမ်း, အသင်းတိုက်, ခပ်ချီးယား, ဇဝန, ဘုရားလမ်း, ဘီအိုစီ, ကုလားစု, ဘဝမြင့်, မေတ္တာရွှေရည်, စံပြဈေး/ငမိုးရိပ်, ကားကြီးဂိတ်, တံတားဖြူ, တောင်/မြောက်လမ်းဆုံ, သံလမ်း, ပန်းခြံ, ယောက်ကော်, သစ်ဆိုင်ကွေ့, ကုန်ပဒေသာ, ဂိတ်ဟောင်း, ကျောင်းရှေ့, ကျန်းမာရေး, (၁၈)ကွေ့, တံတားထိပ်, ဘုန်းကြီးကျောင်းကွေ့, အဝေရာ, ဧရာဝဏ်, သိမ်ကျောင်း, ရတနာလမ်း, မြနန္ဒာ, မဝတရုံးရှေ့/အိုးအိမ်, မုခ်ဦး(ယုဇနဥယျာဉ်), ပိတောက်ကွေ့, (၁၁)လမ်း"
4,1,"ယုဇနဥယျာဉ်မြို့တော်, ပဲခူးမြစ်လမ်း, ဧရာဝဏ်လမ်း, ကွေ့မ, ရတနာလမ်း(ဒဂုံဆိပ်ကမ်း), တိုင်းရင်းသားကျေးရွာ, သံလျင်တံတားချဉ်းကပ်လမ်း, သာကေတအဝိုင်း, ကျောက်တိုင်, မင်းနန္ဒာလမ်း, မဟာဗန္ဓုလတံတား, အနော်ရထာလမ်း, ဆူးလေ, မဟာဗန္ဓုလလမ်း","(၃၂)ဂိတ်, (၁၁)လမ်း, ပိတောက်ကွေ့, မုခ်ဦး(ယုဇနဥယျာဉ်), မဝတရုံးရှေ့/အိုးအိမ်, မြနန္ဒာ, ရတနာလမ်း, သိမ်ကျောင်း, (၆၅)ရပ်ကွက်, ဆောက်လုပ်ရေး, အလိုတော်ပြည့်, သစ်ဆိတ်, အာဆီယံ, ဆောက်လုပ်ရေး, (၁၃)ဂိတ်, ဂိတ်ဝ, ခန်းမ, (၄၉)အစိမ်းဂိတ်, ကြယ်ငါးပွင့်, ဝေဇယန္တာ, (၅)ကွေ့, နယ်မြေရုံး, ဆီဆိုင်, မီးသွေးဆိုင်, ကျောင်းရှေ့, ရှုခင်းသာ, ဓမ္မာရုံ, (၃)ဂိတ်ဟောင်း, မာန်ပြေ, ရန်ပြေ, သင်္ဘောကျင်း, အိုးရှင်း, မဆလာစက်/ဂန္ဓီ, လမ်း(၅၀), (၄၆)လမ်း, ပန်းဆိုးတန်း, ဘားလမ်း, ဆူးလေပန်းခြံ, ပန်းဆိုးတန်း, ဘိုကလေးဈေး, (၄၆)လမ်း, လမ်း(၅၀), ဂန္ဓီ, အိုးရှင်း, သင်္ဘောကျင်း, ရန်ပြေ, မာန်ပြေ, (၃)ဂိတ်ဟောင်း, ဓမ္မာရုံ, ရှုခင်းသာ, ကျောင်းရှေ့, မီးသွေးဆိုင်, ဆီဆိုင်, နယ်မြေရုံး, (၅)ကွေ့, ဝေဇယန္တာ, ကြယ်ငါးပွင့်, (၄၉)အစိမ်းဂိတ်, ခန်းမ, ဂိတ်ဝ, (၁၃)ဂိတ်, ဆောက်လုပ်ရေး, အာဆီယံ, သစ်ဆိတ်, အလိုတော်ပြည့်, ဆောက်လုပ်ရေး, (၆၅)ရပ်ကွက်, သိမ်ကျောင်း, ရတနာလမ်း, မြနန္ဒာ, မဝတရုံးရှေ့/အိုးအိမ်, မုခ်ဦး(ယုဇနဥယျာဉ်), ပိတောက်ကွေ့, (၁၁)လမ်း, (၃၂)ဂိတ်"
5,1,"ရိုးမရိပ်သာ, ၈၉လမ်းဆုံ, ပဲခူးမြစ်လမ်း, ယုဇနဥယျာဉ်, ကျွန်းရွှေဝါလမ်း, ရွှေလီလမ်း, ရတနာလမ်း(ဒဂုံဆိပ်ကမ်း), တိုင်းရင်းသားကျေးရွာ, သာကေတ(အဝိုင်း), ကျောက်တိုင်, မင်းနန္ဒာလမ်း, စက်ဆန်းတံတား, ညောင်တန်း, အနော်ရထာလမ်း, ဗိုလ်တထောင်ဘုရားလမ်း, ဗိုလ်ချုပ်အောင်ဆန်းလမ်း","(၈၉)ကွေ့, ကနောင်ကွေ့, မုခ်ဦး(ယုဇနဥယျာဉ်), ပိတောက်ကွေ့, (၁၁)လမ်း, (၃၂)ဂိတ်, အာဆီယံ, ဆောက်လုပ်ရေး, (၁၀၈)တောင်, သာကေတအဝိုင်း, (၈)ဂိတ်, မြေနီ, ကျောင်းကွေ့/ထူပါရုံ, အနော်မာ, ကျောက်တိုင်, မြေနီလမ်း, တပ်ဖွဲ့, (၁)ဈေးကွေ့, သဒ္ဓါရုံ, ဝက်စု, ရန်အောင်, သင်္ဘောကျင်း, ဝါဆို, စာတိုက်, ပုဇွန်တောင်ဈေး, ညောင်တန်း, မဆလာစက်/ဂန္ဓီ, ပုဇွန်တောင်ဈေး, စာတိုက်, ဝါဆို, သင်္ဘောကျင်း, ရန်အောင်, ဝက်စု, သဒ္ဓါရုံ, (၁)ဈေးကွေ့, တပ်ဖွဲ့, မြေနီလမ်း, ကျောက်တိုင်, အနော်မာ, ကျောင်းကွေ့/ထူပါရုံ, မြေနီ, (၈)ဂိတ်, သာကေတအဝိုင်း, (၁၀၈)တောင်, ဆောက်လုပ်ရေး, (၃၂)ဂိတ်, (၁၁)လမ်း, ပိတောက်ကွေ့, မုခ်ဦး(ယုဇနဥယျာဉ်), ကနောင်ကွေ့, (၈၉)ကွေ့"
6,1,"အောင်မြင့်မိုရ်, လှော်ကားလမ်း, မောင်းမကန်လမ်း, စည်ပင်လမ်း, တောင်မြောက်လမ်းဆုံ, စံပြဈေး, သံသုမာလမ်း, ဘေလီ, ချော်တွင်းကုန်း, နဝဒေး, ၈မိုင်လမ်းဆုံ, ကျိုက်ဝိုင်းဘုရားလမ်း, မင်းဓမ္မလမ်း, စော်ဘွားကြီးကုန်း, ပြည်လမ်း, ၁၀မိုင်ကုန်း, ၉မိုင်, ၈မိုင်လမ်းဆုံ","ရုံးရှေ့, (၇၀/၇၁)ဈေး, ကားကြီးဂိတ်, ကွမ်းယာဆိုင်, (၅၆), (၅၄)သမ, ဘုန်းကြီးကျောင်းကွေ့, တံတားထိပ်, (၁၈)ကွေ့, ကျန်းမာရေး, ကျောင်းရှေ့, ဂိတ်ဟောင်း, ကုန်ပဒေသာ, သစ်ဆိုင်ကွေ့, ယောက်ကော်, ပန်းခြံ, သံလမ်း, တောင်/မြောက်လမ်းဆုံ, တံတားဖြူ, ကားကြီးဂိတ်, စံပြဈေး/ငမိုးရိပ်, လိုင်စင်ရုံး, စီမံကိန်း, (၃၁)ဂိတ်/(၁)ဂိတ်, မိုးစွေ, တောင်ဥက္ကလာပဘုရား, မြင်သာဈေး, ဘေလီ, ပင်းယ, ကေတုမာလာကွေ့, ညောင်ပင်, မဉ္ဇူလမ်း, ချော်တွင်းကုန်း, ကမ္ဘာအေးဘုရားလမ်း, စာတိုက်, နဝဒေး, မြိုင်ဟေဝန်ပန်းခြံ, (၈)မိုင်, ရဲဘော်ဟောင်း, အဝေးပြေး, (၁၀)မိုင်ကုန်း, (၉)မိုင်ခွဲ, (၉)မိုင်, အေဝမ်း, မဟာစည်, (၈)မိုင်, နဝဒေး, စာတိုက်, ကမ္ဘာအေးဘုရားလမ်း, ချော်တွင်းကုန်း, မဉ္ဇူလမ်း, ညောင်ပင်, ကေတုမာလာကွေ့, ဘေလီ, မြင်သာဈေး, တောင်ဥက္ကလာပဘုရား, မိုးစွေ, (၃၁)ဂိတ်/(၁)ဂိတ်, စီမံကိန်း, လိုင်စင်ရုံး, စံပြဈေး/ငမိုးရိပ်, ကားကြီးဂိတ်, တံတားဖြူ, တောင်/မြောက်လမ်းဆုံ, သံလမ်း, ပန်းခြံ, ယောက်ကော်, သစ်ဆိုင်ကွေ့, ကုန်ပဒေသာ, ဂိတ်ဟောင်း, ကျောင်းရှေ့, ကျန်းမာရေး, (၁၈)ကွေ့, တံတားထိပ်, ဘုန်းကြီးကျောင်းကွေ့, (၅၄)သမ, (၅၆), ကွမ်းယာဆိုင်, ကားကြီးဂိတ်, (၇၀/၇၁)ဈေး, ရုံးရှေ့"
7,1,"တောင်ဒဂုံ(၇၀/၇၂)ရပ်ကွက်, ရတနာပုံလမ်း, ကျန်စစ်သားလမ်း, လှော်ကားလမ်း, ဘုန်းကြီးကျောင်းကွေ့, ကုန်တိုက်, ပြည်ထောင်စုလမ်း, စက်မှုဇုန်, တောင်မြောက်လမ်းဆုံ, စံပြဈေး, ဇဝန, တာမွေ(ဗလီ), မင်္ဂလာဈေး, သိမ်ဖြူ, အနော်ရထာလမ်း, ဆူးလေ, မဟာဗန္ဓုလလမ်း","(၆၂), အကြော်တဲ, ကျောင်းရှေ့, ဝါးဆိုင်ကွေ့, (၇၀/၇၁)ဈေး, ကားကြီးဂိတ်, ကွမ်းယာဆိုင်, (၅၆), (၅၄)သမ, ဘုန်းကြီးကျောင်းကွေ့, ကားလေးဂိတ်, (၂၀)ဈေး, ကုန်တိုက်, သစ္စာ, ကြာကန်, စက်မှုဇုံ(၂), ဂျီအီးစီ, သစ်ဆိုင်ကွေ့, ယောက်ကော်, ပန်းခြံ, သံလမ်း, တောင်/မြောက်လမ်းဆုံ, တံတားဖြူ, ကားကြီးဂိတ်, စံပြဈေး/ငမိုးရိပ်, မေတ္တာရွှေရည်, ဘဝမြင့်, ကုလားစု, ဘီအိုစီ, ဘုရားလမ်း, ဇဝန, ခပ်ချီးယား, အသင်းတိုက်, သံလမ်း, လမ်းဆုံ, ကျောင်းရှေ့, ဗျိုင်းရေအိုးစင်, သီတာ, အောင်မင်္ဂလာ, ယုဇနပလာဇာ/လမ်းကျယ်, မင်္ဂလာဈေး/(၄)လမ်း, မဆလာစက်, သိမ်ဖြူစာတိုက်, သိမ်ဖြူဈေး, စိန်ပေါ(လ်), ပန်းဆိုးတန်း, ဘားလမ်း, ဆူးလေမြို့တော်ခန်းမ, ဆူးလေပန်းခြံ, ပန်းဆိုးတန်း, ဘိုကလေးဈေး, စိန်ပေါ(လ်), သိမ်ဖြူဈေး, သိမ်ဖြူစာတိုက်, မဆလာစက်, မင်္ဂလာဈေး/(၄)လမ်း, ယုဇနပလာဇာ/လမ်းကျယ်, အောင်မင်္ဂလာ, သီတာ, ဗျိုင်းရေအိုးစင်, ကျောင်းရှေ့, လမ်းဆုံ, သံလမ်း, အသင်းတိုက်, ခပ်ချီးယား, ဇဝန, ဘုရားလမ်း, ဘီအိုစီ, ကုလားစု, ဘဝမြင့်, မေတ္တာရွှေရည်, စံပြဈေး/ငမိုးရိပ်, ကားကြီးဂိတ်, တံတားဖြူ, တောင်/မြောက်လမ်းဆုံ, သံလမ်း, ပန်းခြံ, ယောက်ကော်, သစ်ဆိုင်ကွေ့, ဂျီအီးစီ, စက်မှုဇုံ(၂), ကြာကန်, သစ္စာ, ကုန်တိုက်, (၂၀)ဈေး, ကားလေးဂိတ်, ဘုန်းကြီးကျောင်းကွေ့, (၅၄)သမ, (၅၆), ကွမ်းယာဆိုင်, ကားကြီးဂိတ်, (၇၀/၇၁)ဈေး, ဝါးဆိုင်ကွေ့, ကျောင်းရှေ့, အကြော်တဲ, (၆၂)"
8,2,"အင်းဝ အိမ်ရာ, သာကေတ(အဝိုင်း), ဧရာဝဏ်လမ်း, ၇ဈေးလမ်း, မြင်တော်သာလမ်း, သုဓမ္မာလမ်း, မင်းနန္ဒာလမ်း, ယမုံနာလမ်း, သာကေတတံတား, မင်္ဂလာဈေး, နတ်မောက်လမ်း, ဦးထောင်ဘိုလမ်း, ရွှေတိဂုံဘုရားလမ်း, ဒဂုံပန်းခြံကွေ့, ဦးဝိစာရလမ်း, ဦးထောင်ဘိုလမ်း","သိမ်ကျောင်း, (၆၅)ရပ်ကွက်, ဆောက်လုပ်ရေး, အလိုတော်ပြည့်, သစ်ဆိတ်, သံလမ်း, ဘုရားလေး, (၃၄)ကားကြီးဂိတ်, (၁၀)ဈေး, သာကေတအဝိုင်း, မြေနီ, ကျောင်းကွေ့, ဘုရားရှေ့, (၇)ဈေး, ကျန်းမာရေး, ရုပ်ရှင်ရုံ, နယ်မြေရုံး, စာတိုက်, ဆီဆိုင်, ခင်မမကြား, (၃)ဈေး, အရှေ့ကြား, (၃)ဂိတ်ဟောင်း, မာန်ပြေ, ရန်ပြေ, သင်္ဘောကျင်း, ဝါဆို, မင်္ဂလာဈေး, မင်္ဂလာမွန်ဈေး, ဆေးရုံ, ဖိုးစိန်လမ်း, နတ်မောက်ကျောင်းရှေ့, ဂျမား, ရေခဲဆိုင်, ဗဟန်းသုံးလမ်း, တောင်ဘက်မုခ်, တောင်ဘက်မုခ်, ဗဟန်းသုံးလမ်း, ရေခဲဆိုင်, ဂျမား, နတ်မောက်ကျောင်းရှေ့, ဆေးရုံ, မင်္ဂလာမွန်ဈေး, မင်္ဂလာဈေး, ဝါဆို, သင်္ဘောကျင်း, ရန်ပြေ, မာန်ပြေ, (၃)ဂိတ်ဟောင်း, အရှေ့ကြား, (၃)ဈေး, ခင်မမကြား, ဆီဆိုင်, စာတိုက်, နယ်မြေရုံး, ရုပ်ရှင်ရုံ, ကျန်းမာရေး, (၇)ဈေး, ဘုရားရှေ့, ကျောင်းကွေ့, မြေနီ, သာကေတအဝိုင်း, အဝိုင်း, အဝိုင်း, (၁၀)ဈေး, (၃၄)ကားကြီးဂိတ်, ဘုရားလေး, သံလမ်း, သစ်ဆိတ်, အလိုတော်ပြည့်, ဆောက်လုပ်ရေး, (၆၅)ရပ်ကွက်, သိမ်ကျောင်း"
9,2,"တိုင်းရင်းသား နည်းပညာတက္ကသိုလ်, ဧရာဝဏ်လမ်း, ကျောက်တိုင်, မင်းနန္ဒာလမ်း, ဒေါပုံ, သာကေတတံတား, ယုဇနပလာဇာ, ကျိုက္ကဆံလမ်း, ရွှေဗဟိုရ်, သမိန်ဗရမ်းလမ်း, ကြက်ဘဲဈေး, သံသုမာလမ်း, သုဝဏ္ဏတံတား, ကျောက်တိုင်","အလိုတော်ပြည့်, သစ်ဆိတ်, သံလမ်း, ဘုရားလေး, (၃၄)ကားကြီးဂိတ်, (၁၀)ဈေး, သာကေတအဝိုင်း, (၈)ဂိတ်, မြေနီ, ကျောင်းကွေ့/ထူပါရုံ, အနော်မာ, ကျောက်တိုင်, မြေနီလမ်း, တပ်ဖွဲ့, (၁)ဈေးကွေ့, သဒ္ဓါရုံ, ဝက်စု, ရန်အောင်, သင်္ဘောကျင်း, ဝါဆို, မင်္ဂလာဈေး, ယုဇနပလာဇာ/လမ်းကျယ်, အောင်မင်္ဂလာ, သီတာ, ကျောက်မြောင်းဈေး, တာမွေဈေး/တာမွေဗလီ, တာမွေဗလီ, အာသောက, ဈေးလေး, ကော်စက်, သုဝဏ္ဏလမ်းဆုံ, ကျောက်တိုင်, အနော်မာ, ကျောင်းကွေ့/ထူပါရုံ, မြေနီ, (၈)ဂိတ်, သာကေတအဝိုင်း, (၁၀)ဈေး, (၃၄)ကားကြီးဂိတ်, ဘုရားလေး, သံလမ်း, သစ်ဆိတ်, အလိုတော်ပြည့်"
10,2,"တိုင်းရင်းသားကျေးရွာ, ရှုခင်းသာမြို့ပါတ်လမ်း, ၅ကွေ့, ဇင်ဂမလမ်း, မင်းနန္ဒာလမ်း, ကျောက်တိုင်, သုဝဏ္ဏတံတား, အသင်းတိုက်, ဇဝန, သုမင်္ဂလာလမ်း, ပါရမီလမ်း, ချော်တွင်းကုန်း, နဝဒေး, သုဓမ္မာလမ်း, မြောက်ဥက္ကလာပအဝိုင်း, ဗိုလ်မှူးဗထူးလမ်း, ဒဂုံတက္ကသိုလ်","လယ်ယာ(ဂိတ်ရင်း), ဆောက်လုပ်ရေး, တံတားထိပ်, ဆောက်လုပ်ရေး, (၁၃)ဂိတ်, ဂိတ်ဝ, ခန်းမ, (၄၉)အစိမ်းဂိတ်, ကြယ်ငါးပွင့်, ဝေဇယန္တာ, (၅)ကွေ့, ရုပ်ရှင်ရုံ, ထူပါရုံ, အနော်မာ, (၁)ဈေးကွေ့, တပ်ဖွဲ့, မြေနီလမ်း, ကျောက်တိုင်, သုဝဏ္ဏလမ်းဆုံ, အသင်းတိုက်, ခပ်ချီးယား, ဇဝန, သရက်တော, အောင်ရတနာ, (၁၄/၁၅)လမ်းဆုံ, ပဒေသာ, ရုံးရှေ့, တောင်ဥက္ကလာစာတိုက်, အင်းဝ, နန္ဒဝန်ဈေး, တကောင်း, ကေတုမာလာကွေ့, ညောင်ပင်, မဉ္ဇူလမ်း, ချော်တွင်းကုန်း, ကမ္ဘာအေးဘုရားလမ်း, စာတိုက်, လမ်းဝ/နဝဒေး, (၅)လမ်း, (၂)ဈေး, ဘုန်းကြီးလမ်း, ကျောက်ရေတွင်း, မြောက်ဥက္ကလာအဝိုင်း, ဂိတ်ဟောင်း, ဂန္ဓာရုံ, ခေမာ, ဖြိုးစံပယ်, ကျောင်းကွေ့, ကျန်းမာရေး, (၄၄)လမ်းဆုံ, ကျောင်းလေးရှေ့, ဗညားဒလ, ဗထူးဈေး, ကြားမှတ်တိုင်, (၄၆)လမ်းဆုံ, စိန်ပန်း, ဈေးလေး, ဂိတ်ဟောင်း, မုခ်ဝ, အဝိုင်း, အဝိုင်း, မုခ်ဝ, ဂိတ်ဟောင်း, ဈေးလေး, စိန်ပန်း, (၄၆)လမ်းဆုံ, ကြားမှတ်တိုင်, ဗထူးဈေး, ဗညားဒလ, ကျောင်းလေးရှေ့, (၄၄)လမ်းဆုံ, ကျန်းမာရေး, ကျောင်းကွေ့, ဖြိုးစံပယ်, ခေမာ, ဂန္ဓာရုံ, ဂိတ်ဟောင်း, မြောက်ဥက္ကလာအဝိုင်း, ကျောက်ရေတွင်း, ဘုန်းကြီးလမ်း, (၂)ဈေး, (၅)လမ်း, လမ်းဝ/နဝဒေး, စာတိုက်, ကမ္ဘာအေးဘုရားလမ်း, ချော်တွင်းကုန်း, မဉ္ဇူလမ်း, ညောင်ပင်, ကေတုမာလာကွေ့, တကောင်း, နန္ဒဝန်ဈေး, အင်းဝ, တောင်ဥက္ကလာစာတိုက်, ရုံးရှေ့, ပဒေသာ, (၁၄/၁၅)လမ်းဆုံ, အောင်ရတနာ, သရက်တော, ဇဝန, ခပ်ချီးယား, အသင်းတိုက်, သုဝဏ္ဏလမ်းဆုံ, ကျောက်တိုင်, မြေနီလမ်း, တပ်ဖွဲ့, (၁)ဈေးကွေ့, အနော်မာ, ထူပါရုံ, ရုပ်ရှင်ရုံ, (၅)ကွေ့, ဝေဇယန္တာ, ကြယ်ငါးပွင့်, (၄၉)အစိမ်းဂိတ်, ခန်းမ, ဂိတ်ဝ, (၁၃)ဂိတ်, ဆောက်လုပ်ရေး, တံတားထိပ်, ဆောက်လုပ်ရေး"
11,0,"ခရေရိပ်မွန်အိမ်ရာ, ခရေပင်လမ်းခွဲ, စော်ဘွားကြီးကုန်း, အင်းစိန်ပန်းခြံ, ဗဟိုလမ်း, ရွာမကျောင်းလမ်း, ဗဟိုလမ်း, လှည်းတန်းခိုင်ရွှေဝါ, ဟံသာဝတီလမ်း, အထက်ကြည့်မြင့်တိုင်လမ်း, ဗားကရာလမ်း, မြေနီကုန်း, ဓမ္မစေတီလမ်း, လင့်လမ်း, အနောက်ရွှေဂုံတိုင်လမ်း, သွေးဆေးကန်လမ်း, ရွှေတိဂုံဘုရားလမ်း, ဇီဝကလမ်း, ဦးဝိစာရလမ်း, ဦးထောင်ဘိုလမ်း","သုံးရာသီ, ရာသက်ပန်, ခရေပင်လမ်းခွဲ, စာတိုက်, ဆေးကျောင်း, ဘီအိုစီ, ပန်းခြံကုန်း, ကုလားဘုရား, ထန်းပင်ကုန်း, စော်ဘွားကြီးကုန်းလမ်းဆုံ, အာလိန်ငါးဆင့်, ဝပ်ရှော့, အုတ်ကျင်းဝ, အင်းစိန်ပန်းခြံ, မြို့သစ်, သမိုင်းလမ်းဆုံ, အုတ်ကျင်း, သီရိမြိုင်, သံလမ်း, ကမာရွတ်, ဘူတာရုံလမ်း, ရွာမကွေ့, ဆိုက်ကားဂိတ်, ဘီအာဘီ, ခိုင်ရွှေဝါ, ပြည်ရိပ်မွန်, ရဲဝင်း, ဟံသာဝတီ, နတ်စင်လမ်း, စလင်းကွင်း, ကြည်မြင်တိုင်ညဈေး, ကြည့်မြင်တိုင်ဘူတာ, (၉)ထပ်ကြီး, ရှမ်းလမ်း, ရွှေမန်း, မြေနီကုန်း, ဝိဇယပလာဇာ, အထက(၁)ဗဟန်း, ရွှေဂုံတိုင်, အုတ်လမ်း, မြောက်ဘက်မုခ်, အရှေ့ဘက်မုခ်, တောင်ဘက်မုခ်, အရှေ့ဘက်မုခ်, မြောက်ဘက်မုခ်, အုတ်လမ်း, ရွှေဂုံတိုင်, အထက(၁)ဗဟန်း, မြေနီကုန်း, ရွှေမန်း, ရှမ်းလမ်း, (၉)ထပ်ကြီး, ကြည့်မြင်တိုင်ဘူတာ, ကြည်မြင်တိုင်ညဈေး, စလင်းကွင်း, နတ်စင်လမ်း, ဟံသာဝတီ, ရဲဝင်း, ပြည်ရိပ်မွန်, ခိုင်ရွှေဝါ, ဘီအာဘီ, ဆိုက်ကားဂိတ်, ရွာမကွေ့, ဘူတာရုံလမ်း, ကမာရွတ်, သံလမ်း, သီရိမြိုင်, အုတ်ကျင်း, သမိုင်းလမ်းဆုံ, မြို့သစ်, အင်းစိန်ပန်းခြံ, အုတ်ကျင်းဝ, ဝပ်ရှော့, အာလိန်ငါးဆင့်, စော်ဘွားကြီးကုန်းလမ်းဆုံ, ထန်းပင်ကုန်း, ကုလားဘုရား, ပန်းခြံကုန်း, ဘီအိုစီ, ဆေးကျောင်း, စာတိုက်, ခရေပင်လမ်းခွဲ, ရာသက်ပန်, သုံးရာသီ"
12,1,"(၅၀)ကွေ့, ၄၆လမ်းဆုံ, (၇/၈)လမ်းဆုံ, မဝတလမ်းဆုံ, ဘေလီ, ပါရမီလမ်း, နန္ဒဝန်ဈေး, သစ္စာလမ်း, မိုးကောင်းလမ်း, ကံဘဲ့လမ်း, ရန်ကင်းလမ်း, ဂွတ္တလစ်ဈေးကွေ့, တာမွေအဝိုင်း, ရွှေဂုံတိုင်လမ်း, ရွှေဂုံတိုင်, ရန်ကုန်ဘူတာကြီး, ဆူးလေ","(၅၀)ကွေ့, အအေးဆိုင်, မြဝတီ, (၄၆)မှတ်တိုင်, (၄၅)မှတ်တိုင်, (၇/၈)လမ်းဆုံ, ရုံးရှေ့, ကုန်ပဒေသာ, စွမ်းအင်, မန္တလေးလမ်း, စစ်တောင်းလမ်း, ကျောင်းလမ်း, ဆက်သွယ်ရေး, (၃၅)ကွေ့, သင်းဝင်, နာရီစင်, ဘေလီ, ပင်းယ, တကောင်း, နန္ဒဝန်ဈေး, အင်းဝ, တောင်ဥက္ကလာစာတိုက်, ပုဏ္ဏမီ, ဗဟိုဈေး, သံလမ်း, မိုးကောင်း, ရန်ကင်းစာတိုက်, (၁၂)လုံးတန်း, ကြားမှတ်တိုင်, ဈေးကွေ့, မင်းလမ်း, လမ်းဆုံ, မြလမ်း, အဝိုင်းထိပ်/တာမွေ, (၆)ထပ်ကြီး, (၅)ထပ်ကြီး, ဗန်ဒါပင်, ရွှေဂုံတိုင်, ဗဟန်းသုံးလမ်း, ကျောက်တိုင်, ယောက်လမ်း, ရုပ်ရှင်ရုံ, ဆူးလေမြို့တော်ခန်းမ, ယောက်လမ်း, ကျောက်တိုင်, ဗဟန်းသုံးလမ်း, ရွှေဂုံတိုင်, ဗန်ဒါပင်, (၅)ထပ်ကြီး, (၆)ထပ်ကြီး, အဝိုင်းထိပ်/တာမွေ, မြလမ်း, လမ်းဆုံ, မင်းလမ်း, ဈေးကွေ့, ကြားမှတ်တိုင်, (၁၂)လုံးတန်း, ရန်ကင်းစာတိုက်, မိုးကောင်း, သံလမ်း, ဗဟိုဈေး, ပုဏ္ဏမီ, တောင်ဥက္ကလာစာတိုက်, အင်းဝ, နန္ဒဝန်ဈေး, တကောင်း, ပင်းယ, ဘေလီ, နာရီစင်, သင်းဝင်, (၃၅)ကွေ့, ဆက်သွယ်ရေး, ကျောင်းလမ်း, စစ်တောင်းလမ်း, မန္တလေးလမ်း, စွမ်းအင်, ကုန်ပဒေသာ, ရုံးရှေ့, (၇/၈)လမ်းဆုံ, (၄၅)မှတ်တိုင်, (၄၆)မှတ်တိုင်, မြဝတီ, အအေးဆိုင်, (၅၀)ကွေ့"
14,1,"ဒဂုံမြောက်(ဘုရင့်နောင်လမ်းဆုံ), ဘုရင့်နောင်လမ်း, ပင်လုံလမ်း, ဘေလီ, သံသုမာလမ်း, ရတနာလမ်း(သင်္ဃန်းကျွန်း), မိုးကောင်းလမ်း, တာမွေအဝိုင်း, ဦးချစ်မောင်လမ်း, ရန်ကင်းစင်တာ, ရန်ကင်းလမ်း, ရန်ရှင်းလမ်း, စက်မှု(၁)လမ်း, ကမ္ဘာအေးဘုရားလမ်း, ကုက္ကိုင်း, တက္ကသိုလ်ရိပ်သာလမ်း, လှည်းတန်းလမ်း, ဆင်မလိုက်, ကြည့်မြင့်တိုင်ကမ်းနားလမ်း, သခင်မြပန်းခြံ","ကျောင်းလမ်း, ဆက်သွယ်ရေး, (၃၅)ကွေ့, သင်းဝင်, နာရီစင်, ဘေလီ, မြင်သာဈေး, သေနတ်ပစ်ကွင်း, တောင်ဥက္ကလာပဘုရား, ကျေးတမာ, မိုးစွေ, (၃၁)ဂိတ်/(၁)ဂိတ်, စီမံကိန်း, ဒေဝဒဟ, ဘဝမြင့်, အာနန္ဒာဘုရား, ဂိတ်ဟောင်း, ကျိုက္ကစံဘုရား, (၁၄/၁၅)လမ်းဆုံ, ရတနာဈေး, ကုလားဘုရား, (၁၆)ကွေ့, သံလမ်း, ကျောက်ကုန်း, မှတ်တမ်းရုံး, အဝိုင်းလေး, ကုလားဈေး, လမ်းဆုံ, ကျောင်းရှေ့, အဝိုင်းထိပ်/တာမွေ, မြလမ်း, လမ်းဆုံ, မင်းလမ်း, ဈေးကွေ့, ကြားမှတ်တိုင်, ရန်ကင်းဈေး, စက်မှု(၁), လမ်းနီ, ကုက္ကိုင်း, အင်ယာမြိုင်, သံလွင်, ယူအပ်ဖ်အယ်, ကျောင်းလမ်း, ကျောင်းရှေ့/ဓမ္မာရုံ, လှည်းတန်းဈေး, ကျောင်းရှေ့/ကုန်းဆင်း, ဆင်မလိုက်, နတ်စင်လမ်း, ကမ်းနားဈေး, ကြည့်မြင်တိုင်ညဈေး, စာတိုက်, သဲကွင်း, ဟုမ်းလမ်း, သီရိမင်္ဂလာဈေး, ကွင်းကျောင်း, ဆင်မင်းဈေး, သစ်တော, ထော်လီကွေ့, သခင်မြပန်းခြံ, သခင်မြပန်းခြံ, ထော်လီကွေ့, သစ်တော, ဆင်မင်းဈေး, ကွင်းကျောင်း, သီရိမင်္ဂလာဈေး, ဟုမ်းလမ်း, သဲကွင်း, စာတိုက်, ကြည့်မြင်တိုင်ညဈေး, ကမ်းနားဈေး, နတ်စင်လမ်း, ဆင်မလိုက်, ကျောင်းရှေ့/ကုန်းဆင်း, လှည်းတန်းဈေး, ကျောင်းရှေ့/ဓမ္မာရုံ, ကျောင်းလမ်း, ယူအပ်ဖ်အယ်, သံလွင်, အင်ယာမြိုင်, ကုက္ကိုင်း, လမ်းနီ, စက်မှု(၁), ရန်ကင်းဈေး, ကြားမှတ်တိုင်, ဈေးကွေ့, မင်းလမ်း, လမ်းဆုံ, မြလမ်း, အဝိုင်းထိပ်/တာမွေ, ကျောင်းရှေ့, လမ်းဆုံ, ကုလားဈေး, အဝိုင်းလေး, မှတ်တမ်းရုံး, ကျောက်ကုန်း, သံလမ်း, (၁၆)ကွေ့, ကုလားဘုရား, ရတနာဈေး, (၁၄/၁၅)လမ်းဆုံ, ကျိုက္ကစံဘုရား, ဂိတ်ဟောင်း, အာနန္ဒာဘုရား, ဘဝမြင့်, ဒေဝဒဟ, စီမံကိန်း, (၃၁)ဂိတ်/(၁)ဂိတ်, မိုးစွေ, ကျေးတမာ, တောင်ဥက္ကလာပဘုရား, သေနတ်ပစ်ကွင်း, မြင်သာဈေး, ဘေလီ, နာရီစင်, သင်းဝင်, (၃၅)ကွေ့, ဆက်သွယ်ရေး, ကျောင်းလမ်း"
15,1,"(၅၀)ကွေ့, ပြည်ထောင်စုလမ်း, ရာဇာသင်္ကြန်လမ်း, ကြိုးတံတား, ခေမာသီလမ်း, မြောက်ဥက္ကလာပအဝိုင်း, သုဓမ္မာလမ်း, နဝဒေး, ၈မိုင်လမ်းဆုံ, သမိုင်းလမ်းဆုံ, ဘုရင့်နောင်လမ်းဆုံ, ဘုရင့်နောင်လမ်း, ပေါက်တောဝ, အင်းစိန်ပန်းခြံ, ဘီအိုစီ, YTU, သမိုင်းလမ်းဆုံ","(၅၀)ကွေ့, ကျန်းမာရေး, ဒူးယားလမ်း, ထားဝယ်ချောင်, ကြိုးတံတား, မေတ္တာ, ဂိတ်ဟောင်းကွေ., စံပယ်, ကျောင်းလမ်း, ကန်သာယာ, (ဈ)ဈေး, ရုပ်ရှင်ရုံ, နွယ်သာဂီ, ဲမြရတနာ, ရုံး, ဥက္ကာ, မေဓာဝီ, ရုံးသစ်, မြောက်ဥက္ကလာအဝိုင်း, ကျောက်ရေတွင်း, ဘုန်းကြီးလမ်း, (၂)ဈေး, (၅)လမ်း, လမ်းဝ/နဝဒေး, နဝဒေး, မြိုင်ဟေဝန်ပန်းခြံ, (၈)မိုင်, ရဲဘော်ဟောင်း, ကျိုက်ဝိုင်း, ရဲရန်အောင်, သမိုင်းလမ်းဆုံ, ကြွေ(၁), ဦးဘဟန်, ဈေးဘူတာ, ဘုရင့်နောင်လမ်းဆုံ, ဓမ္မာရုံ, ဘုရင့်နောင်ဈေး/ဈေးပွဲရုံ, ကြို့ကုန်းလမ်းဆုံ, ပိတောက်လမ်း, မြို့သစ်ဈေးု, ညောင်ပင်, ပေါက်တောဝ, ထောင်ဘူးဝ, အင်းစိန်ဈေး, အင်းစိန်ပန်းခြံ, ဘီအိုစီ, ကြို့ကုန်း, ဘီပီအိုင်, ခဝဲခြံ, ကုလားကျောင်း, သမိုင်းလမ်းဆုံ, ရဲရန်အောင်, ကျိုက်ဝိုင်း, ရဲဘော်ဟောင်း, (၈)မိုင်, နဝဒေး, လမ်းဝ/နဝဒေး, (၅)လမ်း, (၂)ဈေး, ဘုန်းကြီးလမ်း, ကျောက်ရေတွင်း, မြောက်ဥက္ကလာအဝိုင်း, ရုံးသစ်, မေဓာဝီ, ဥက္ကာ, ရုံး, ဲမြရတနာ, နွယ်သာဂီ, ရုပ်ရှင်ရုံ, (ဈ)ဈေး, ကန်သာယာ, ကျောင်းလမ်း, စံပယ်, ဂိတ်ဟောင်းကွေ., မေတ္တာ, ကြိုးတံတား, ထားဝယ်ချောင်, ဒူးယားလမ်း, ကျန်းမာရေး"
16,1,"ရွှေပေါက်ကံ(တောင်ငူလမ်း), ကျောက်လမ်း, ၆ကွေ့, မြောက်ဥက္ကလာပအဝိုင်း, နဝဒေး, ၈မိုင်လမ်းဆုံ, ဘုရင့်နောင်တံတား, ပုသိမ်လမ်း, သမကုန်း, ဒဂုံဧရာအဝေးပြေးဝင်း","(၁၆)ကွေ့, ရွှေလမင်း, ပါရမီ, မင်းထူးကျော်, ဆည်မြောင်း, မော်ကျွန်း, ကားကြီးဂိတ်, ဓမ္မာရုံ, ကျောင်းလမ်း, (၆)ကွေ့, ကန်သာယာ, ဥဇ္ဇနာ, က္ကန္ဒာ, သုနန္ဒာ, ဝဇီယာ, သန္တာ, (ဃ)ဈေး, မြောက်ဥက္ကလာအဝိုင်း, ကျောက်ရေတွင်း, ဘုန်းကြီးလမ်း, (၂)ဈေး, (၅)လမ်း, လမ်းဝ/နဝဒေး, နဝဒေး, မြိုင်ဟေဝန်ပန်းခြံ, (၈)မိုင်, ရဲဘော်ဟောင်း, ကျိုက်ဝိုင်း, ရဲရန်အောင်, သမိုင်းလမ်းဆုံ, ကြွေ(၁), ဦးဘဟန်, ဈေးဘူတာ, ဘုရင့်နောင်လမ်းဆုံ, တပ်ထိပ်, စက်မှုဇုံ, ဗိုလ်ချုပ်, အဆင့်မြင့်, နဝဒေး, ဘုရားလမ်း, ဆောက်လုပ်ရေး, အောက်ထိပ်, တိုးချဲ့, ဘီအိုစီ, သမကုန်း, ဒဂုံဧရာအဝေးပြေး, သမကုန်း, ဘီအိုစီ, တိုးချဲ့, အောက်ထိပ်, ဆောက်လုပ်ရေး, ဘုရားလမ်း, နဝဒေး, အဆင့်မြင့်, ဗိုလ်ချုပ်, စက်မှုဇုံ, တပ်ထိပ်, ဘုရင့်နောင်လမ်းဆုံ, ဈေးဘူတာ, ဦးဘဟန်, ကြွေ(၁), သမိုင်းလမ်းဆုံ, ရဲရန်အောင်, ကျိုက်ဝိုင်း, ရဲဘော်ဟောင်း, (၈)မိုင်, နဝဒေး, လမ်းဝ/နဝဒေး, (၅)လမ်း, (၂)ဈေး, ဘုန်းကြီးလမ်း, ကျောက်ရေတွင်း, မြောက်ဥက္ကလာအဝိုင်း, (ဃ)ဈေး, သန္တာ, ဝဇီယာ, သုနန္ဒာ, က္ကန္ဒာ, ဥဇ္ဇနာ, ကန်သာယာ, ဧရာ, (၆)ကွေ့, ကျောင်းလမ်း, ဓမ္မာရုံ, ကားကြီးဂိတ်, မော်ကျွန်း, ဆည်မြောင်း, မင်းထူးကျော်, ပါရမီ, ရွှေလမင်း, (၁၆)ကွေ့"
17,1,"ရွှေပေါက်ကံ, (ဆင်ဖုံ), ၆ကွေ့, အောင်မင်္ဂလာအဝေးပြေးဝင်း, ခရေပင်လမ်းခွဲ, တညင်းကုန်းလမ်းဆုံ, ရွှေပြည်သာတံတား, ပေါက်တန်းအဝိုင်း, သမကုန်းအဝိုင်း, အနောက်ပိုင်းနည်းပညာတက္ကသိုလ်","ဆင်ဖုံကွေ့, တံတားဖြူ, ကျောက်လမ်း, ဆေးရုံကွေ့, မီးသတ်, မင်းထူးကျော်, ဆည်မြောင်း, မော်ကျွန်း, ကားကြီးဂိတ်, ဓမ္မာရုံ, ကျောင်းလမ်း, (၆)ကွေ့, ဓမ္မာရုံ, အောင်မင်္ဂလာအဝေးပြေး, အမှတ်(၃)လမ်းဆုံ, သုံးရာသီ, ရာသက်ပန်, ခရေပင်လမ်းခွဲ, (၁၀၆), ပန်းခြံ, (၆၄၆), အစာစက်, ရေစက်, ဒညင်းကုန်းလမ်းဆုံ, ဘူတာဈေး, (၁၄)လမ်းဆုံ, (၁၉၉), ဧရာမြေ, မိုင်(၂၀), အဝိုင်း, ရိုးကြီး, ရိုးလေး, ကျောင်းရှေ့, ဂိတ်ဟောင်း, ဈေးလမ်း, ကျောင်းရှေ့, ကျောင်းလမ်း, ပဲခူးလမ်း, ဈေးလေး, (၁၂)သမ, အားမာန်, သမကုန်း, ဒဂုံဧရာအဝေးပြေး, နည်းပညာတက္ကသိုလ်, ဒဂုံဧရာအဝေးပြေး, သမကုန်း, အားမာန်, (၁၂)သမ, ဈေးလေး, ပဲခူးလမ်း, ကျောင်းလမ်း, ဈေးလမ်း, ဂိတ်ဟောင်း, ကျောင်းရှေ့, ရိုးလေး, ရိုးကြီး, အဝိုင်း, မိုင်(၂၀), ဧရာမြေ, (၁၉၉), (၁၄)လမ်းဆုံ, ဘူတာဈေး, ဒညင်းကုန်းလမ်းဆုံ, ရေစက်, အစာစက်, (၆၄၆), ပန်းခြံ, (၁၀၆), ခရေပင်လမ်းခွဲ, ရာသက်ပန်, သုံးရာသီ, အမှတ်(၃)လမ်းဆုံ, အောင်မင်္ဂလာအဝေးပြေး, ဓမ္မာရုံ, (၆)ကွေ့, ကျောင်းလမ်း, ဓမ္မာရုံ, ကားကြီးဂိတ်, မော်ကျွန်း, ဆည်မြောင်း, မင်းထူးကျော်, မီးသတ်, ဆေးရုံကွေ့, ကျောက်လမ်း, တံတားဖြူ, ဆင်ဖုံကွေ့"
18,1,"ခရေရိပ်မွန်, အမှတ်(၃)လမ်းဆုံ, အောင်မင်္ဂလာအဝေးပြေးဝင်း, ၆ကွေ့, သုဓမ္မာလမ်း, ဘုန်းကြီးလမ်း, သံသုမာလမ်း, ဘေလီ, ပါရမီလမ်း, အသင်းတိုက်, သံသုမာလမ်း, ကြက်ဘဲဈေး, သမိန်ဗရမ်းလမ်း, ကျိုက္ကဆံလမ်း, အရှေ့မြင်းပြိုင်ကွင်းလမ်း, လေးထောင့်ကန်လမ်း, ဝေဇယန္တာလမ်း, ဇဝန","သုံးရာသီ, အမှတ်(၃)လမ်းဆုံ, တပ်ထိပ်, အောင်မင်္ဂလာအဝေးပြေး, ဓမ္မာရုံ, (၆)ကွေ့, ကန်သာယာ, ဥဇ္ဇနာ, က္ကန္ဒာ, သုနန္ဒာ, ဝဇီယာ, သန္တာ, (ဃ)ဈေး, မြောက်ဥက္ကလာအဝိုင်း, ကျောက်ရေတွင်း, ဘုန်းကြီးလမ်း, ကျောင်းကွေ့, (၂)ဈေး, ကျောင်းလမ်း, အုတ်ပုံဆိပ်, (၄၃၅)မှတ်တိုင်, (၄၃၆)မှတ်တိုင်, ဘေလီ, ပင်းယ, တကောင်း, နန္ဒဝန်ဈေး, အင်းဝ, တောင်ဥက္ကလာစာတိုက်, ရုံးရှေ့, ပဒေသာ, (၁၄/၁၅)လမ်းဆုံ, အောင်ရတနာ, သရက်တော, ဇဝန, ခပ်ချီးယား, အသင်းတိုက်, သုဝဏ္ဏလမ်းဆုံ, ကော်စက်, ဈေးလေး, အာသောက, တာမွေဗလီ, တာမွေဈေးဟောင်း/အခွန်လွတ်ဈေး, ကျောင်းရှေ့, လမ်းဆုံ, သံလမ်း, အသင်းတိုက်, ခပ်ချီးယား, ဇဝန, သရက်တော, အောင်ရတနာ, (၁၄/၁၅)လမ်းဆုံ, ပဒေသာ, ရုံးရှေ့, တောင်ဥက္ကလာစာတိုက်, အင်းဝ, နန္ဒဝန်ဈေး, တကောင်း, ပင်းယ, ဘေလီ, (၄၃၆)မှတ်တိုင်, (၄၃၅)မှတ်တိုင်, အုတ်ပုံဆိပ်, ကျောင်းလမ်း, (၂)ဈေး, ကျောင်းကွေ့, ဘုန်းကြီးလမ်း, ကျောက်ရေတွင်း, မြောက်ဥက္ကလာအဝိုင်း, (ဃ)ဈေး, သန္တာ, ဝဇီယာ, သုနန္ဒာ, က္ကန္ဒာ, ဥဇ္ဇနာ, ကန်သာယာ, ဧရာ, (၆)ကွေ့, ဓမ္မာရုံ, အောင်မင်္ဂလာအဝေးပြေး, တပ်ထိပ်, အမှတ်(၃)လမ်းဆုံ, သုံးရာသီ"
19,1,"ရွှေပေါက်ကံ, (ဆင်ဖုံ), ၆ကွေ့, သုဓမ္မာလမ်း, မြောက်ဥက္ကလာပအဝိုင်း, နဝဒေး, ၈မိုင်လမ်းဆုံ, သမိုင်းလမ်းဆုံ, ဘုရင့်နောင်လမ်းဆုံ, ဘုရင့်နောင်လမ်း, သီရိမင်္ဂလာဈေးသစ်, ဆင်မလိုက်, စံပြငါးဈေး, သခင်မြပန်းခြံ","ဆင်ဖုံကွေ့, တံတားဖြူ, ကျောက်လမ်း, ဆေးရုံကွေ့, မီးသတ်, ဆည်မြောင်း, မော်ကျွန်း, ကားကြီးဂိတ်, ဓမ္မာရုံ, ကျောင်းလမ်း, (၆)ကွေ့, ကန်သာယာ, ဥဇ္ဇနာ, က္ကန္ဒာ, သုနန္ဒာ, ဝဇီယာ, သန္တာ, (ဃ)ဈေး, မြောက်ဥက္ကလာအဝိုင်း, ကျောက်ရေတွင်း, ဘုန်းကြီးလမ်း, (၂)ဈေး, (၅)လမ်း, လမ်းဝ/နဝဒေး, နဝဒေး, မြိုင်ဟေဝန်ပန်းခြံ, (၈)မိုင်, ရဲဘော်ဟောင်း, ကျိုက်ဝိုင်း, ရဲရန်အောင်, သမိုင်းလမ်းဆုံ, ကြွေ(၁), ဦးဘဟန်, ဈေးဘူတာ, ဘုရင့်နောင်လမ်းဆုံ, ဘုရ, စစ်ကြောရေး/လျှော်ရွေး, ပိတောက်ချောင်း/သီရိမင်္ဂလာဈေးသစ်, အိုဝမ်း, ဘူတာရုံလမ်း, ချောင်းဝ, ရွာမကွေ့, ရေကြောင်း, သင်္ဘောကျင်း, ဆင်မလိုက်, နတ်စင်လမ်း, ကမ်းနားဈေး, ကြည့်မြင်တိုင်ညဈေး, စာတိုက်, သဲကွင်း, ဟုမ်းလမ်း, သီရိမင်္ဂလာဈေး, ကွင်းကျောင်း, ဆင်မင်းဈေး, သစ်တော, သခင်မြပန်းခြံ, သခင်မြပန်းခြံ, သစ်တော, ဆင်မင်းဈေး, ကွင်းကျောင်း, သီရိမင်္ဂလာဈေး, ဟုမ်းလမ်း, သဲကွင်း, စာတိုက်, ကြည့်မြင်တိုင်ညဈေး, ကမ်းနားဈေး, နတ်စင်လမ်း, ဆင်မလိုက်, သင်္ဘောကျင်း, ရေကြောင်း, ရွာမကွေ့, ချောင်းဝ, ဘူတာရုံလမ်း, အိုဝမ်း, ပိတောက်ချောင်း/သီရိမင်္ဂလာဈေးသစ်, စစ်ကြောရေး/လျှော်ရွေး, ဘုရ, ဘုရင့်နောင်လမ်းဆုံ, ဈေးဘူတာ, ဦးဘဟန်, ကြွေ(၁), သမိုင်းလမ်းဆုံ, ရဲရန်အောင်, ကျိုက်ဝိုင်း, ရဲဘော်ဟောင်း, (၈)မိုင်, နဝဒေး, လမ်းဝ/နဝဒေး, (၅)လမ်း, (၂)ဈေး, ဘုန်းကြီးလမ်း, ကျောက်ရေတွင်း, မြောက်ဥက္ကလာအဝိုင်း, (ဃ)ဈေး, သန္တာ, ဝဇီယာ, သုနန္ဒာ, က္ကန္ဒာ, ဥဇ္ဇနာ, ကန်သာယာ, (၆)ကွေ့, ကျောင်းလမ်း, ဓမ္မာရုံ, ကားကြီးဂိတ်, ကားကြီးဂိတ်, ဆည်မြောင်း, မော်ကျွန်း, မီးသတ်, ဆေးရုံကွေ့, ကျောက်လမ်း, တံတားဖြူ, ဆင်ဖုံကွေ့"
20,0,"TBဆေးရုံ, ဒဂုံဧရာအဝေးပြေးဝင်း, သမကုန်းအဝိုင်း, ဘီအိုစီအဝိုင်း, ဘုရင့်နောင်တံတား, ဘုရင့်နောင်လမ်း, သီရိမင်္ဂလာဈေးသစ်, ဆင်မလိုက်, စံပြငါးဈေး, ဗားကရာလမ်း, မြေနီကုန်း, လင့်လမ်း, ရွှေဂုံတိုင်, တာမွေအဝိုင်း, တာမွေလမ်း, ဗညားဒလလမ်း, ယုဇနပလာဇာ, သိမ်ဖြူ, မြရာကုန်းလမ်း, မြန်မာ့ဂုဏ်ရည်လမ်း, သိမ်ဖြူ","ဒဂုံဧရာအဝေးပြေး, သမကုန်း, ဘီအိုစီ, တိုးချဲ့, အောက်ထိပ်, ဆောက်လုပ်ရေး, ဘုရားလမ်း, နဝဒေး, အဆင့်မြင့်, ဗိုလ်ချုပ်, စက်မှုဇုံ, တပ်ထိပ်, ဘုရင့်နောင်လမ်းဆုံ, ဘုရ, စစ်ကြောရေး/လျှော်ရွေး, ပိတောက်ချောင်း/သီရိမင်္ဂလာဈေးသစ်, အိုဝမ်း, ဘူတာရုံလမ်း, ချောင်းဝ, ရွာမကွေ့, ရေကြောင်း, သင်္ဘောကျင်း, ဆင်မလိုက်, နတ်စင်လမ်း, ကမ်းနားဈေး, ကြည့်မြင်တိုင်ညဈေး, စာတိုက်, ကျောင်းရှေ့, (၉)ထပ်ကြီး, ရှမ်းလမ်း, ရွှေမန်း, မြေနီကုန်း, ဝိဇယပလာဇာ, လင့်လမ်း, အုတ်လမ်း, ရွှေဂုံတိုင်, ရွှေဂုံတိုင်, ဗန်ဒါပင်, (၅)ထပ်ကြီး, (၆)ထပ်ကြီး, အဝိုင်းထိပ်/တာမွေ, ဗျိုင်းရေအိုးစင်, သီတာ, အောင်မင်္ဂလာ, ယုဇနပလာဇာ/လမ်းကျယ်, မင်္ဂလာဈေး/(၄)လမ်း, မဆလာစက်, ကျောင်းလမ်း, သိမ်ဖြူစာတိုက်, မဆလာစက်, မင်္ဂလာဈေး/(၄)လမ်း, ယုဇနပလာဇာ/လမ်းကျယ်, အောင်မင်္ဂလာ, သီတာ, ဗျိုင်းရေအိုးစင်, အဝိုင်းထိပ်/တာမွေ, (၆)ထပ်ကြီး, (၅)ထပ်ကြီး, ဗန်ဒါပင်, ရွှေဂုံတိုင်, ရွှေဂုံတိုင်, အုတ်လမ်း, လင့်လမ်း, မြေနီကုန်း, ရွှေမန်း, ရှမ်းလမ်း, (၉)ထပ်ကြီး, ကျောင်းရှေ့, စာတိုက်, ကြည့်မြင်တိုင်ညဈေး, ကမ်းနားဈေး, နတ်စင်လမ်း, ဆင်မလိုက်, သင်္ဘောကျင်း, ရေကြောင်း, ရွာမကွေ့, ချောင်းဝ, ဘူတာရုံလမ်း, အိုဝမ်း, ပိတောက်ချောင်း/သီရိမင်္ဂလာဈေးသစ်, စစ်ကြောရေး/လျှော်ရွေး, ဘုရ, ဘုရင့်နောင်လမ်းဆုံ, တပ်ထိပ်, စက်မှုဇုံ, ဗိုလ်ချုပ်, အဆင့်မြင့်, နဝဒေး, ဘုရားလမ်း, ဆောက်လုပ်ရေး, အောက်ထိပ်, တိုးချဲ့, ဘီအိုစီ, သမကုန်း, ဒဂုံဧရာအဝေးပြေး"
21,0,"အနောက်ပိုင်းတက္ကသိုလ်(ထန်းတပင်), ပေါက်ကုန်းအဝိုင်း, ရွှေပြည်သာတံတား, ၁၄လမ်းဆုံ, တညင်းကုန်း, အောက်မင်္ဂလာဒုံလမ်း, ပြည်တော်သာ, မင်းကြီးလမ်း, အင်းစိန်ပန်းခြံ, YTU, သမိုင်းလမ်းဆုံ, လှည်းတန်း, မြေနီကုန်း, စံပြ, ကမ်းနားလမ်း, မော်တင်, မဟာဗန္ဓုလလမ်း","အနောက်ပိုင်းတက္ကသိုလ်, အဝိုင်း, မိုင်(၂၀), ဧရာမြေ, (၁၉၉), (၁၄)လမ်းဆုံ, ဘူတာဈေး, ဒညင်းကုန်းလမ်းဆုံ, ဘိုခြံ, ရွာသစ်, အောင်ဆန်းဈေး, ကျောင်းဂိတ်, (၁)ဂိတ်, ဆောင်(၂), ဖော့ကန်ဈေး, ဂျပန်လမ်း, ပြည်တော်သာ/(GTI)ထိပ်, ပြည်တော်သာ, သရက်တော, ဗိုလ်ကုန်း, ဟိုက်ပက်, မညက, အင်းစိန်ဆေးရုံကြီး, အင်းစိန်ပန်းခြံ, ဘီအိုစီ, ကြို့ကုန်း, ဘီပီအိုင်, ခဝဲခြံ, ကုလားကျောင်း, သမိုင်းလမ်းဆုံ, ဘုရားလမ်း, အုတ်ကျင်း, ဘာတာ, သံလမ်း, သုခ, ဘူတာရုံလမ်း, ဆင်ရေတွင်း, စံရိပ်ငြိမ်, လှည်းတန်း, စိုက်ပျိုးရေး, ဟံသာဝတီ, မဟာမြိုင်, မြေနီကုန်း(ပြည်လမ်း), ဟယ်(လ်)ပင်, ပဲခူးကလပ်, စိန်ဂျွန်း, စံပြ, ဘုန်းကြီးလမ်း, မော်တင်, ဘုန်းကြီးလမ်း, စံပြ, စိန်ဂျွန်း, ပဲခူးကလပ်, ဟယ်(လ်)ပင်, မြေနီကုန်း(ပြည်လမ်း), မဟာမြိုင်, ဟံသာဝတီ, စိုက်ပျိုးရေး, လှည်းတန်း, စံရိပ်ငြိမ်, ဆင်ရေတွင်း, ဘူတာရုံလမ်း, သုခ, သံလမ်း, ဘာတာ, အုတ်ကျင်း, ဘုရားလမ်း, သမိုင်းလမ်းဆုံ, ကုလားကျောင်း, ခဝဲခြံ, ဘီပီအိုင်, ကြို့ကုန်း, ဘီအိုစီ, အင်းစိန်ပန်းခြံ, အင်းစိန်ဆေးရုံကြီး, မညက, ဟိုက်ပက်, ဗိုလ်ကုန်း, သရက်တော, ပြည်တော်သာ, ပြည်တော်သာ/(GTI)ထိပ်, ဂျပန်လမ်း, ဖော့ကန်ဈေး, ဆောင်(၂), (၁)ဂိတ်, ကျောင်းဂိတ်, အောင်ဆန်းဈေး, ရွာသစ်, ဘိုခြံ, ဒညင်းကုန်းလမ်းဆုံ, ဘူတာဈေး, (၁၄)လမ်းဆုံ, (၁၉၉), ဧရာမြေ, မိုင်(၂၀), အဝိုင်း, အနောက်ပိုင်းတက္ကသိုလ်"
22,0,"အနောက်ပိုင်းတက္ကသိုလ်(ထန်းတပင်), ပေါက်ကုန်းအဝိုင်း, ရိုးကြီး/ရိုးလေး, သမကုန်း, မီးခွက်ဈေး, အောင်ဇေယျတံတား, ပေါက်တောဝ, အင်းစိန်ပန်းခြံ, ဗဟိုလမ်း, အနောက်ကြို့ကုန်း, ဗဟိုလမ်း, ရွာမကျောင်းလမ်း, လှည်းတန်းခိုင်ရွှေဝါ, ဟံသာဝတီ, အထက်ကြည့်မြင့်တိုင်လမ်း, စလင်းကွင်း, ဗားကရာ, အနောက်ပိုင်းဆေးရုံ, အလုံလျှပ်စစ်ရုံး, ဗဟိုအမျိုးသမီးဆေးရုံ, သခင်မြပန်းခြံ","အနောက်ပိုင်းတက္ကသိုလ်, အဝိုင်း, ရိုးကြီး, ရိုးလေး, ကျောင်းရှေ့, ဂိတ်ဟောင်း, ဈေးလမ်း, ကျောင်းရှေ့, ကျောင်းလမ်း, ပဲခူးလမ်း, ဈေးလေး, (၁၂)သမ, အားမာန်, သမကုန်း, ဘီအိုစီ, စနေမ, မီးခွက်ဈေး, ရုံးရှေ့, (၅)ထိပ်, (၃)ထိပ်, (၁)ထိပ်, အင်းစိန်ကမ်းနား, ပေါက်တောဝ, ထောင်ဘူးဝ, အင်းစိန်ဈေး, အင်းစိန်ပန်းခြံ, မြို့သစ်, သမိုင်းလမ်းဆုံ, အုတ်ကျင်း, သီရိမြိုင်, သံလမ်း, ကမာရွတ်, ဘူတာရုံလမ်း, ရွာမကွေ့, ဆိုက်ကားဂိတ်, ဘီအာဘီ, ခိုင်ရွှေဝါ, ပြည်ရိပ်မွန်, ရဲဝင်း, ဟံသာဝတီ, နတ်စင်လမ်း, စလင်းကွင်း, ကြည်မြင်တိုင်ညဈေး, ကြည့်မြင်တိုင်ဘူတာ, ကျောင်းရှေ့, ဟုမ်းလမ်း, ဝှိုက်တော, ဆင်မင်းဈေး, ချန်မာဖီ, အလုံစာတိုက်, ဂျမခါနာ, သခင်မြပန်းခြံ, ဂျမခါနာ, အလုံစာတိုက်, ချန်မာဖီ, ဆင်မင်းဈေး, ဝှိုက်တော, ဟုမ်းလမ်း, ကျောင်းရှေ့, ကြည့်မြင်တိုင်ဘူတာ, ကြည်မြင်တိုင်ညဈေး, စလင်းကွင်း, နတ်စင်လမ်း, ဟံသာဝတီ, ရဲဝင်း, ပြည်ရိပ်မွန်, ခိုင်ရွှေဝါ, ဘီအာဘီ, ဆိုက်ကားဂိတ်, ရွာမကွေ့, ဘူတာရုံလမ်း, ကမာရွတ်, သံလမ်း, သီရိမြိုင်, အုတ်ကျင်း, သမိုင်းလမ်းဆုံ, မြို့သစ်, ဆေးရုံရှေ့, အင်းစိန်ဈေး, ထောင်ဘူးဝ, ပေါက်တောဝ, အင်းစိန်ကမ်းနား, (၁)ထိပ်, (၃)ထိပ်, (၅)ထိပ်, ရုံးရှေ့, မီးခွက်ဈေး, စနေမ, ဘီအိုစီ, သမကုန်း, အားမာန်, (၁၂)သမ, ဈေးလေး, ပဲခူးလမ်း, ကျောင်းလမ်း, ကျောင်းရှေ့, ဈေးလမ်း, ဂိတ်ဟောင်း, ကျောင်းရှေ့, ရိုးလေး, ရိုးကြီး, အဝိုင်း, အနောက်ပိုင်းတက္ကသိုလ်"
23,0,"(တူးချောင်း), အနောက်ပိုင်းနည်းပညာတက္ကသိုလ်, ပုသိမ်လမ်း, သမကုန်းအဝိုင်း, ဘီအိုစီအဝိုင်း, ဘုရင့်နောင်တံတား, ဘုရင့်နောင်လမ်း, သီရိမင်္ဂလာဈေးသစ်, ဆင်မလိုက်, စံပြငါးဈေး, ကမ်းနားလမ်း, သခင်မြပန်းခြံ","နည်းပညာတက္ကသိုလ်, ဒဂုံဧရာအဝေးပြေး, သမကုန်း, ဘီအိုစီ, တိုးချဲ့, အောက်ထိပ်, ဆောက်လုပ်ရေး, ဘုရားလမ်း, နဝဒေး, အဆင့်မြင့်, ဗိုလ်ချုပ်, စက်မှုဇုံ, တပ်ထိပ်, ဘုရင့်နောင်လမ်းဆုံ, ဘုရ, စစ်ကြောရေး/လျှော်ရွေး, ပိတောက်ချောင်း/သီရိမင်္ဂလာဈေးသစ်, အိုဝမ်း, ဘူတာရုံလမ်း, ချောင်းဝ, ရွာမကွေ့, ရေကြောင်း, သင်္ဘောကျင်း, ဆင်မလိုက်, နတ်စင်လမ်း, ကမ်းနားဈေး, ကြည့်မြင်တိုင်ညဈေး, စာတိုက်, သဲကွင်း, ဟုမ်းလမ်း, သီရိမင်္ဂလာဈေး, ကွင်းကျောင်း, ဆင်မင်းဈေး, သစ်တော, ထော်လီကွေ့, သခင်မြပန်းခြံ, သခင်မြပန်းခြံ, ထော်လီကွေ့, သစ်တော, ဆင်မင်းဈေး, ကွင်းကျောင်း, သီရိမင်္ဂလာဈေး, ဟုမ်းလမ်း, သဲကွင်း, စာတိုက်, ကြည့်မြင်တိုင်ညဈေး, ကမ်းနားဈေး, နတ်စင်လမ်း, ဆင်မလိုက်, သင်္ဘောကျင်း, ရေကြောင်း, ရွာမကွေ့, ချောင်းဝ, ဘူတာရုံလမ်း, အိုဝမ်း, ပိတောက်ချောင်း/သီရိမင်္ဂလာဈေးသစ်, စစ်ကြောရေး/လျှော်ရွေး, ဘုရ, ဘုရင့်နောင်လမ်းဆုံ, တပ်ထိပ်, စက်မှုဇုံ, ဗိုလ်ချုပ်, အဆင့်မြင့်, နဝဒေး, ဘုရားလမ်း, ဆောက်လုပ်ရေး, အောက်ထိပ်, တိုးချဲ့, ဘီအိုစီ, သမကုန်း, ဒဂုံဧရာအဝေးပြေး, နည်းပညာတက္ကသိုလ်"
24,1,"ကျန်စစ်သားလမ်း, တပင်ရွှေထီးလမ်း, ပြည်ထောင်စုလမ်း, တောင်မြောက်လမ်းဆုံ, လေးထောင့်ကန်လမ်း, စံပြဈေး, ဇဝန, အသင်းတိုက်, သုဝဏ္ဏတံတား, သံသုမာလမ်း, ကြက်ဘဲဈေး, အထက်ပုဇွန်တောင်လမ်း, ပုဇွန်တောင်ဈေး, မဟာဗန္ဓုလတံတားအောက်, ရာဇဓိရာဇ်လမ်း, ကမ်းနားလမ်း, ဗိုလ်တထောင်ဘုရားလမ်း","(၁၃)ဂိတ်, ဆဒုံဒူးဝါး, ဘုန်းကြီးလမ်း, (၁၂)ဂိတ်, (၃၆)ဂိတ်ဟောင်း, ဗိုလ်မင်းခေါင်, ကျောင်းလမ်းထိပ်, စွမ်းအင်, မဝတ, အားကစားကွင်း, ကပရ, တံတားထိပ်, မြို့ဦးစေတီ, တောင်/မြောက်လမ်းဆုံ, တံတားဖြူ, ကားကြီးဂိတ်, စံပြဈေး/ငမိုးရိပ်, မေတ္တာရွှေရည်, ဘဝမြင့်, ခပ်ချီးယား, ဘီအိုစီ, ဘုရားလမ်း, ကုလားစု, အသင်းတိုက်, သုဝဏ္ဏလမ်းဆုံ, ကော်စက်, ဈေးလေး, အေဘီစီ, ရုံးလေး, (၉)လမ်း, အသင်းတိုက်, စာတိုက်, ပုဇွန်တောင်ဈေး, ညောင်တန်း, သီတာဆိပ်, လင်းစဒေါင်း, ဗိုလ်တထောင်ဈေး, ဗိုလ်တထောင်ဘုရား, ဗိုလ်တထောင်ဘုရား, ဗိုလ်တထောင်ဈေး, လင်းစဒေါင်း, သီတာဆိပ်, ညောင်တန်း, ပုဇွန်တောင်ဈေး, စာတိုက်, အသင်းတိုက်, (၉)လမ်း, ရုံးလေး, အေဘီစီ, ဈေးလေး, ကော်စက်, သုဝဏ္ဏလမ်းဆုံ, အသင်းတိုက်, ကုလားစု, ဘုရားလမ်း, ဘီအိုစီ, ခပ်ချီးယား, ဘဝမြင့်, မေတ္တာရွှေရည်, စံပြဈေး/ငမိုးရိပ်, ကားကြီးဂိတ်, တံတားဖြူ, တောင်/မြောက်လမ်းဆုံ, မြို့ဦးစေတီ, တံတားထိပ်, ကပရ, အားကစားကွင်း, မဝတ, စွမ်းအင်, ကျောင်းလမ်းထိပ်, ဗိုလ်မင်းခေါင်, (၃၆)ဂိတ်ဟောင်း, (၁၂)ဂိတ်, ဘုန်းကြီးလမ်း, ဆဒုံဒူးဝါး, (၁၃)ဂိတ်"
25,1,"ဒဂုံတက္ကသိုလ်, မင်းရဲကျော်စွာလမ်း, (၇/၈)လမ်းဆုံ, ပြည်ထောင်စုလမ်း, တောင်မြောက်လမ်းဆုံ, ငမိုးရိပ်တံတား, သံသုမာလမ်း, ကြက်ဘဲဈေး, သမိန်ဗရမ်းလမ်း, ရွှေဗဟိုရ်, တာမွေ(ဗလီ), ကျိုက္ကဆံလမ်း, ယုဇနပလာဇာ, မင်္ဂလာဈေး","ဒဂုံတက္ကသိုလ်, ရုံးရှေ့, (၁၀)မိုင်, အဝိုင်း, မုခ်ဝ, (၇/၈)လမ်းဆုံ, ရုံးရှေ့, ကုန်ပဒေသာ, စွမ်းအင်, မဝတ, အားကစားကွင်း, ကပရ, တံတားထိပ်, မြို့ဦးစေတီ, တောင်/မြောက်လမ်းဆုံ, တံတားဖြူ, ကားကြီးဂိတ်, စံပြဈေးကွေ့, ချမ်းအေးသွားဆေး, ဝေဘူလ, သုဝဏ္ဏဈေး, မီးဒုံး, မင်းဒင်, ပေါ်ဆန်းမွှေး, ကျောင်းလမ်း, စုပေါင်း, ရေစက်, သုဝဏ္ဏလမ်းဆုံ, ကော်စက်, ဈေးလေး, အာသောက, တာမွေဗလီ, တာမွေဈေး/တာမွေဗလီ, ကျောက်မြောင်းဈေး, သီတာ, အောင်မင်္ဂလာ, ယုဇနပလာဇာ/လမ်းကျယ်, မင်္ဂလာမွန်ဈေး, ယုဇနပလာဇာ/လမ်းကျယ်, အောင်မင်္ဂလာ, သီတာ, ကျောက်မြောင်းဈေး, တာမွေဈေး/တာမွေဗလီ, တာမွေဗလီ, အာသောက, ဈေးလေး, ကော်စက်, သုဝဏ္ဏလမ်းဆုံ, ရေစက်, စုပေါင်း, ကျောင်းလမ်း, ပေါ်ဆန်းမွှေး, မင်းဒင်, မီးဒုံး, သုဝဏ္ဏဈေး, ဝေဘူလ, ချမ်းအေးသွားဆေး, စံပြဈေးကွေ့, ကားကြီးဂိတ်, တံတားဖြူ, တောင်/မြောက်လမ်းဆုံ, မြို့ဦးစေတီ, တံတားထိပ်, ကပရ, အားကစားကွင်း, မဝတ, စွမ်းအင်, ကုန်ပဒေသာ, ရုံးရှေ့, (၇/၈)လမ်းဆုံ, မုခ်ဝ, အဝိုင်း, (၁၀)မိုင်, ရုံးရှေ့"
26,1,"ဒဂုံတက္ကသိုလ်, မင်းရဲကျော်စွာလမ်း, ပြည်ထောင်စုလမ်း, ပင်လုံလမ်း, ဘေလီ, သံသုမာလမ်း, ရတနာလမ်း(သင်္ဃန်းကျွန်း), အောင်ဇေယျလမ်း, မိုးကောင်းလမ်း, အရှေ့မြင်းပြိုင်ကွင်းလမ်း, တာမွေအဝိုင်း, သမိန်ဗရမ်းလမ်း, ကြက်ဘဲဈေး, အထက်ပုဇွန်တောင်လမ်း, ပုဇွန်တောင်ဈေး, မဟာဗန္ဓုလတံတားအောက်, ရာဇဓိရာဇ်လမ်း, ကမ်းနားလမ်း, ဗိုလ်တထောင်ဘုရားလမ်း","ဒဂုံတက္ကသိုလ်, ရုံးရှေ့, (၁၀)မိုင်, အဝိုင်း, မုခ်ဝ, (၇/၈)လမ်းဆုံ, ရုံးရှေ့, ကုန်ပဒေသာ, စွမ်းအင်, မန္တလေးလမ်း, စစ်တောင်းလမ်း, ကျောင်းလမ်း, ဆက်သွယ်ရေး, (၃၅)ကွေ့, သင်းဝင်, နာရီစင်, ဘေလီ, မြင်သာဈေး, သေနတ်ပစ်ကွင်း, တောင်ဥက္ကလာပဘုရား, ကျေးတမာ, မိုးစွေ, (၃၁)ဂိတ်/(၁)ဂိတ်, စီမံကိန်း, ဒေဝဒဟ, ဘဝမြင့်, အာနန္ဒာဘုရား, ဂိတ်ဟောင်း, ကျိုက္ကစံဘုရား, (၁၄/၁၅)လမ်းဆုံ, ရတနာဈေး, ကုလားဘုရား, (၁၆)ကွေ့, သံလမ်း, ကျောက်ကုန်း, မှတ်တမ်းရုံး, အဝိုင်းလေး, ကုလားဈေး, လမ်းဆုံ, ကျောင်းရှေ့, တာမွေပလာဇာ, တာမွေဗလီ, အာသောက, (၆)လမ်း, အေဘီစီ, ရုံးလေး, (၉)လမ်း, အသင်းတိုက်, စာတိုက်, ပုဇွန်တောင်ဈေး, ညောင်တန်း, သီတာဆိပ်, လင်းစဒေါင်း, ဗိုလ်တထောင်ဈေး, ဗိုလ်တထောင်ဘုရား, ဗိုလ်တထောင်ဘုရား, ဗိုလ်တထောင်ဈေး, လင်းစဒေါင်း, သီတာဆိပ်, ညောင်တန်း, ပုဇွန်တောင်ဈေး, စာတိုက်, အသင်းတိုက်, (၉)လမ်း, ရုံးလေး, အေဘီစီ, (၆)လမ်း, အာသောက, တာမွေဗလီ, တာမွေပလာဇာ, ကျောင်းရှေ့, လမ်းဆုံ, ကုလားဈေး, အဝိုင်းလေး, မှတ်တမ်းရုံး, ကျောက်ကုန်း, သံလမ်း, (၁၆)ကွေ့, ကုလားဘုရား, ရတနာဈေး, (၁၄/၁၅)လမ်းဆုံ, ကျိုက္ကစံဘုရား, ဂိတ်ဟောင်း, အာနန္ဒာဘုရား, ဘဝမြင့်, ဒေဝဒဟ, စီမံကိန်း, (၃၁)ဂိတ်/(၁)ဂိတ်, မိုးစွေ, ကျေးတမာ, တောင်ဥက္ကလာပဘုရား, သေနတ်ပစ်ကွင်း, မြင်သာဈေး, ဘေလီ, နာရီစင်, သင်းဝင်, (၃၅)ကွေ့, ဆက်သွယ်ရေး, ကျောင်းလမ်း, စစ်တောင်းလမ်း, မန္တလေးလမ်း, စွမ်းအင်, ကုန်ပဒေသာ, ရုံးရှေ့, (၇/၈)လမ်းဆုံ, မုခ်ဝ, အဝိုင်း, (၁၀)မိုင်, ရုံးရှေ့, ဒဂုံတက္ကသိုလ်"
27,1,"စိတ်ကျန်းမာရေးဆေးရုံ, မင်းရဲကျော်စွာလမ်း, ၁၃၃ရပ်ကွက်, ဒဂုံတက္ကသိုလ်, မင်းရဲကျော်စွာလမ်း, ပြည်ထောင်စုလမ်း, ဗိုလ်မှူးဗထူးလမ်း, ဦးဝိစာရလမ်း, ဘေလီ, သံသုမာလမ်း, ရတနာလမ်း(သင်္ဃန်းကျွန်း), မိုးကောင်းလမ်း, အရှေ့မြင်းပြိုင်ကွင်းလမ်း, တာမွေအဝိုင်း, တာမွေလမ်း, ဗညားဒလလမ်း, ယုဇနပလာဇာ, မင်္ဂလာဈေး, ကျိုက္ကဆံလမ်း","စိတ်ကျန်းမာရေးဆေးရုံ, စည်ပင်, မုခ်ဝ, (၇/၈)လမ်းဆုံ, (၄၅)မှတ်တိုင်, (၄၆)လမ်းဆုံ, ကြားမှတ်တိုင်, ဗထူးဈေး, ဗညားဒလ, ကျောင်းလေးရှေ့, (၄၄)လမ်းဆုံ, ကျန်းမာရေး, ကျောင်းကွေ့, ဖြိုးစံပယ်, ခေမာ, ကားလေးဂိတ်, စိုက်ရှေ့, အကြော်တဲ, ဟောင်ကောင်, (၆)လမ်း, ဘေလီ, မြင်သာဈေး, သေနတ်ပစ်ကွင်း, တောင်ဥက္ကလာပဘုရား, ကျေးတမာ, မိုးစွေ, (၃၁)ဂိတ်/(၁)ဂိတ်, စီမံကိန်း, ဒေဝဒဟ, ဘဝမြင့်, အာနန္ဒာဘုရား, ဂိတ်ဟောင်း, ကျိုက္ကစံဘုရား, (၁၄/၁၅)လမ်းဆုံ, ရတနာဈေး, ကုလားဘုရား, (၁၆)ကွေ့, သံလမ်း, ကျောက်ကုန်း, မှတ်တမ်းရုံး, အဝိုင်းလေး, ကုလားဈေး, လမ်းဆုံ, ကျောင်းရှေ့, ဗျိုင်းရေအိုးစင်, သီတာ, အောင်မင်္ဂလာ, ယုဇနပလာဇာ/လမ်းကျယ်, မင်္ဂလာမွန်ဈေး, ဗျိုင်းရေအိုးစင်, ကျောင်းရှေ့, လမ်းဆုံ, ကုလားဈေး, အဝိုင်းလေး, မှတ်တမ်းရုံး, ကျောက်ကုန်း, သံလမ်း, (၁၆)ကွေ့, ကုလားဘုရား, ရတနာဈေး, (၁၄/၁၅)လမ်းဆုံ, ကျိုက္ကစံဘုရား, ဂိတ်ဟောင်း, အာနန္ဒာဘုရား, ဘဝမြင့်, ဒေဝဒဟ, စီမံကိန်း, (၃၁)ဂိတ်/(၁)ဂိတ်, မိုးစွေ, ကျေးတမာ, တောင်ဥက္ကလာပဘုရား, သေနတ်ပစ်ကွင်း, မြင်သာဈေး, ဘေလီ, (၆)လမ်း, ဟောင်ကောင်, အကြော်တဲ, စိုက်ရှေ့, ကားလေးဂိတ်, ခေမာ, ဖြိုးစံပယ်, ကျောင်းကွေ့, ကျန်းမာရေး, (၄၄)လမ်းဆုံ, ကျောင်းလေးရှေ့, ဗညားဒလ, ဗထူးဈေး, ကြားမှတ်တိုင်, (၄၆)လမ်းဆုံ, (၄၅)မှတ်တိုင်, (၇/၈)လမ်းဆုံ, မုခ်ဝ, စည်ပင်, စိတ်ကျန်းမာရေးဆေးရုံ"
28,1,"ဒဂုံတက္ကသိုလ်, ဗိုလ်မှူးဗထူးလမ်း, မြောက်ဥက္ကလာပအဝိုင်း, နဝဒေး, ကမ္ဘာအေးဘုရားလမ်း, ဗဟန်း(၃)လမ်း, ရန်ကုန်ဘူတာကြီး, ဆူးလေမြို့တော်ခန်းမ","ဒဂုံတက္ကသိုလ်, ရုံးရှေ့, (၁၀)မိုင်, အဝိုင်း, မုခ်ဝ, ဂိတ်ဟောင်း, ဈေးလေး, စိန်ပန်း, (၄၆)လမ်းဆုံ, ကြားမှတ်တိုင်, ဗထူးဈေး, ဗညားဒလ, ကျောင်းလေးရှေ့, (၄၄)လမ်းဆုံ, ကျန်းမာရေး, ကျောင်းကွေ့, ဖြိုးစံပယ်, ခေမာ, ဂန္ဓာရုံ, ဂိတ်ဟောင်း, မြောက်ဥက္ကလာအဝိုင်း, ကျောက်ရေတွင်း, ဘုန်းကြီးလမ်း, (၂)ဈေး, (၅)လမ်း, လမ်းဝ/နဝဒေး, စာတိုက်, ကမ္ဘာအေးဘုရားလမ်း, ချော်တွင်းကုန်း, (၁၀၆), ရိပ်သာ, လမ်းနီ, ကုက္ကိုင်း/ကျောင်းရှေ့, ဟာမစ်တစ်, ရွှေဂုံတိုင်, ဗဟန်းသုံးလမ်း, ကျောက်တိုင်, ယောက်လမ်း, ရုပ်ရှင်ရုံ, ဆူးလေမြို့တော်ခန်းမ, ယောက်လမ်း, ကျောက်တိုင်, ဗဟန်းသုံးလမ်း, ရေခဲဆိုင်, ဟာမစ်တစ်, ကုက္ကိုင်း/ကျောင်းရှေ့, စက်မှု(၁)/မြန်မာပလာဇာ, လမ်းနီ, ရိပ်သာ, (၁၀၆), ချော်တွင်းကုန်း, ကမ္ဘာအေးဘုရားလမ်း, စာတိုက်, လမ်းဝ/နဝဒေး, (၅)လမ်း, (၂)ဈေး, ဘုန်းကြီးလမ်း, ကျောက်ရေတွင်း, မြောက်ဥက္ကလာအဝိုင်း, ဂိတ်ဟောင်း, ဂန္ဓာရုံ, ခေမာ, ဖြိုးစံပယ်, ကျောင်းကွေ့, ကျန်းမာရေး, (၄၄)လမ်းဆုံ, ကျောင်းလေးရှေ့, ဗညားဒလ, ဗထူးဈေး, ကြားမှတ်တိုင်, (၄၆)လမ်းဆုံ, စိန်ပန်း, ဈေးလေး, ဂိတ်ဟောင်း, မုခ်ဝ, အဝိုင်း, (၁၀)မိုင်, ရုံးရှေ့, ဒဂုံတက္ကသိုလ်"
29,1,"ဒဂုံတက္ကသိုလ်, ကျန်စစ်သားလမ်း, မင်းရဲကျော်စွာလမ်း, ပြည်ထောင်စုလမ်း, ပင်လုံလမ်း, ဘေလီ, သံသုမာလမ်း, သစ္စာလမ်း, ကံဘဲ့လမ်း, ရန်ကင်းလမ်း, ဂွတ္တလစ်ဈေး, တာမွေအဝိုင်း, ရွှေဂုံတိုင်, ကမ္ဘာအေးဘုရားလမ်း, ရန်ကုန်ဘူတာကြီး, ဆူးလေ","ဒဂုံတက္ကသိုလ်, ရုံးရှေ့, (၁၀)မိုင်, အဝိုင်း, မုခ်ဝ, (၇/၈)လမ်းဆုံ, ရုံးရှေ့, ကုန်ပဒေသာ, စွမ်းအင်, မဝတ, မန္တလေးလမ်း, စစ်တောင်းလမ်း, ကျောင်းလမ်း, ဆက်သွယ်ရေး, (၃၅)ကွေ့, သင်းဝင်, နာရီစင်, ဘေလီ, မြင်သာဈေး, တောင်ဥက္ကလာပဘုရား, ဘုရားလမ်း, တောင်ဥက္ကလာစာတိုက်, ပုဏ္ဏမီ, ဗဟိုဈေး, သံလမ်း, မိုးကောင်း, ရန်ကင်းစာတိုက်, (၁၂)လုံးတန်း, ကြားမှတ်တိုင်, ဈေးကွေ့, မင်းလမ်း, လမ်းဆုံ, မြလမ်း, အဝိုင်းထိပ်/တာမွေ, (၆)ထပ်ကြီး, (၅)ထပ်ကြီး, ဗန်ဒါပင်, ရွှေဂုံတိုင်, ဗဟန်းသုံးလမ်း, ကျောက်တိုင်, ယောက်လမ်း, ရုပ်ရှင်ရုံ, ဆူးလေမြို့တော်ခန်းမ, ယောက်လမ်း, ကျောက်တိုင်, ဗဟန်းသုံးလမ်း, ရေခဲဆိုင်, ရွှေဂုံတိုင်, ဗန်ဒါပင်, (၅)ထပ်ကြီး, (၆)ထပ်ကြီး, အဝိုင်းထိပ်/တာမွေ, မြလမ်း, လမ်းဆုံ, မင်းလမ်း, ဈေးကွေ့, ကြားမှတ်တိုင်, (၁၂)လုံးတန်း, ရန်ကင်းစာတိုက်, မိုးကောင်း, သံလမ်း, ဗဟိုဈေး, ပုဏ္ဏမီ, တောင်ဥက္ကလာစာတိုက်, ဘုရားလမ်း, တောင်ဥက္ကလာပဘုရား, မြင်သာဈေး, ဘေလီ, နာရီစင်, သင်းဝင်, (၃၅)ကွေ့, ဆက်သွယ်ရေး, ကျောင်းလမ်း, စစ်တောင်းလမ်း, မန္တလေးလမ်း, မဝတ, စွမ်းအင်, ကုန်ပဒေသာ, ရုံးရှေ့, (၇/၈)လမ်းဆုံ, မုခ်ဝ, အဝိုင်း, (၁၀)မိုင်, ရုံးရှေ့, ဒဂုံတက္ကသိုလ်"
30,1,"ဒဂုံတက္ကသိုလ်, ကျန်စစ်သားလမ်း, မင်းရဲကျော်စွာလမ်း, ပြည်ထောင်စုလမ်း, ဘေလီ, ပါရမီ, ညောင်ပင်, ကမ္ဘာအေးဘုရားလမ်း, ၈မိုင်လမ်းဆုံ, လှည်းတန်းလမ်း, ကြည့်မြင့်တိုင်, သခင်မြပန်းခြံ","ဒဂုံတက္ကသိုလ်, ရုံးရှေ့, (၁၀)မိုင်, အဝိုင်း, မုခ်ဝ, (၇/၈)လမ်းဆုံ, ရုံးရှေ့, ကုန်ပဒေသာ, စွမ်းအင်, မဝတ, မန္တလေးလမ်း, စစ်တောင်းလမ်း, ကျောင်းလမ်း, ဆက်သွယ်ရေး, (၃၅)ကွေ့, သင်းဝင်, နာရီစင်, ဘေလီ, ပင်းယ, ကေတုမာလာကွေ့, ညောင်ပင်, မဉ္ဇူလမ်း, ချော်တွင်းကုန်း, ကမ္ဘာအေးဘုရားလမ်း, စာတိုက်, နဝဒေး, မြိုင်ဟေဝန်ပန်းခြံ, (၇)မိုင်, အေဒီ, ကျောင်းကွေ့, (၆)မိုင်ခွဲ, တံတားဖြူ, မာလာ, လှည်းတန်းဈေး, ကျောင်းရှေ့/ကုန်းဆင်း, ဆင်မလိုက်, နတ်စင်လမ်း, ကမ်းနားဈေး, ကြည့်မြင်တိုင်ညဈေး, စာတိုက်, သဲကွင်း, ဟုမ်းလမ်း, သီရိမင်္ဂလာဈေး, ကွင်းကျောင်း, ဆင်မင်းဈေး, သစ်တော, ထော်လီကွေ့, သခင်မြပန်းခြံ, သခင်မြပန်းခြံ, ထော်လီကွေ့, သစ်တော, ဆင်မင်းဈေး, ကွင်းကျောင်း, သီရိမင်္ဂလာဈေး, ဟုမ်းလမ်း, သဲကွင်း, စာတိုက်, ကြည့်မြင်တိုင်ညဈေး, ကမ်းနားဈေး, နတ်စင်လမ်း, ဆင်မလိုက်, ကျောင်းရှေ့/ကုန်းဆင်း, လှည်းတန်းဈေး, မာလာ, တံတားဖြူ, (၆)မိုင်ခွဲ, ကျောင်းကွေ့, အေဒီ, (၇)မိုင်, မြိုင်ဟေဝန်ပန်းခြံ, နဝဒေး, စာတိုက်, ကမ္ဘာအေးဘုရားလမ်း, ချော်တွင်းကုန်း, မဉ္ဇူလမ်း, ညောင်ပင်, ကေတုမာလာကွေ့, ပင်းယ, ဘေလီ, နာရီစင်, သင်းဝင်, (၃၅)ကွေ့, ဆက်သွယ်ရေး, ကျောင်းလမ်း, စစ်တောင်းလမ်း, မန္တလေးလမ်း, မဝတ, စွမ်းအင်, ကုန်ပဒေသာ, ရုံးရှေ့, (၇/၈)လမ်းဆုံ, မုခ်ဝ, အဝိုင်း, (၁၀)မိုင်, ရုံးရှေ့, ဒဂုံတက္ကသိုလ်"
31,2,"သန်လျင်(အရှေ့ပိုင်းတက္ကသိုလ်), သန်လျင်ကျောက်တန်းလမ်း, သန်လျင်အမှတ်(၁)တံတား, ရှုခင်းသာမြို့ပါတ်လမ်း, ယမုံနာလမ်း, မဟာဗန္ဓုလတံတား, ဗိုလ်တထောင်ဈေးလမ်း, အနော်ရထာလမ်း, ဗိုလ်တထောင်ဘုရားလမ်း, ကုန်သည်လမ်း, ဗိုလ်တထောင်ဈေးလမ်း","အရှေ.ပိုင်းတက္ကသိုလ်, ကွမ်းယာဆိုင်, ညောင်ပင်, ဘုရားကုန်းလမ်းဆုံ, ဘုရားရှေ့, (၁၈)ကုန်း, အောင်ချမ်းသာ, ဆည်မြောင်း, သမကောလိပ်, ကျားဘုရား, ်မီးပွိုင့်, လက်မှတ်ဂိတ်, ဆောက်လုပ်ရေး, (၁၃)ဂိတ်, ဂိတ်ဝ, ခန်းမ, (၄၉)အစိမ်းဂိတ်, ကြယ်ငါးပွင့်, ဝေဇယန္တာ, (၅)ကွေ့, နယ်မြေရုံး, ဆီဆိုင်, မီးသွေးဆိုင်, ကျောင်းရှေ့, ရှုခင်းသာ, ဓမ္မာရုံ, (၃)ဂိတ်ဟောင်း, မာန်ပြေ, ရန်ပြေ, သင်္ဘောကျင်း, အိုးရှင်း, မဆလာစက်/ဂန္ဓီ, ဆီဆိုင်, (၅၀)ကွေ့, ရဲစခန်း, ဂန္ဓီ, အိုးရှင်း, အိုးရှင်း, သင်္ဘောကျင်း, ရန်ပြေ, မာန်ပြေ, (၃)ဂိတ်ဟောင်း, ဓမ္မာရုံ, ရှုခင်းသာ, ကျောင်းရှေ့, မီးသွေးဆိုင်, ဆီဆိုင်, နယ်မြေရုံး, (၅)ကွေ့, ဝေဇယန္တာ, ကြယ်ငါးပွင့်, (၄၉)အစိမ်းဂိတ်, ခန်းမ, ဂိတ်ဝ, (၁၃)ဂိတ်, ဆောက်လုပ်ရေး, လက်မှတ်ဂိတ်, ်မီးပွိုင့်, ကျားဘုရား, သမကောလိပ်, ဆည်မြောင်း, အောင်ချမ်းသာ, (၁၈)ကုန်း, ဘုရားရှေ့, ဘုရားကုန်းလမ်းဆုံ, ညောင်ပင်, ကွမ်းယာဆိုင်, အရှေ.ပိုင်းတက္ကသိုလ်"
32,2,"ရေကြောင်းတက္ကသိုလ်, ဘုရားလမ်းဆုံ, သန်လျင်(မြို့မဈေး), ဗိုလ်ချုပ်နေဝင်းလမ်း, သန်လျင်အမှတ်(၁)တံတား, သာကေတအဝိုင်း, ဧရာဝဏ်လမ်း, ကျောက်တိုင်, သုဝဏ္ဏတံတား, ဝေဇယန္တာလမ်း, လေးထောင့်ကန်လမ်း, ဇဝန, သုမင်္ဂလာလမ်း, ပါရမီလမ်း, ဘေလီ, သံသုမာလမ်း, ဘုန်းကြီးလမ်း, မြောက်ဥက္ကလာပအဝိုင်း, အမှတ်(၃)လမ်းဆုံ, ခရေရိပ်မွန်အိမ်ရာ","ဘုရားကုန်းလမ်းဆုံ, ဘုရားရှေ့, (၁၈)ကုန်း, အောင်ချမ်းသာ, ဆည်မြောင်း, သမကောလိပ်, ကျားဘုရား, အပေါ်ကွေ့, အောက်ကွေ့, ရုံးရှေ့, ဖိုးမြေ, ဲမြို့မဈေး, မြို့မ, ဒါကုရ်, ရေနံဂိ်တ်, အောင်သုခ, မီးပွိုင့်, လက်မှတ်ဂိတ်, ဆောက်လုပ်ရေး, (၁၀၈)တောင်, သာကေတအဝိုင်း, (၈)ဂိတ်, မြေနီ, ကျောင်းကွေ့/ထူပါရုံ, အနော်မာ, ကျောက်တိုင်, သုဝဏ္ဏလမ်းဆုံ, အသင်းတိုက်, ခပ်ချီးယား, ဇဝန, သရက်တော, အောင်ရတနာ, (၁၄/၁၅)လမ်းဆုံ, ပဒေသာ, ရုံးရှေ့, တောင်ဥက္ကလာစာတိုက်, အင်းဝ, နန္ဒဝန်ဈေး, တကောင်း, ကေတုမာလာကွေ့, ပင်းယ, ဘေလီ, (၄၃၆)မှတ်တိုင်, (၄၃၅)မှတ်တိုင်, အုတ်ပုံဆိပ်, ကျောင်းလမ်း, (၂)ဈေး, ကျောင်းကွေ့, ဘုန်းကြီးလမ်း, ကျောက်ရေတွင်း, မြောက်ဥက္ကလာအဝိုင်း, (ဃ)ဈေး, သန္တာ, ဝဇီယာ, သုနန္ဒာ, က္ကန္ဒာ, ဥဇ္ဇနာ, ကန်သာယာ, ဧရာ, (၆)ကွေ့, ဓမ္မာရုံ, အောင်မင်္ဂလာအဝေးပြေး, တပ်ထိပ်, အမှတ်(၃)လမ်းဆုံ, သုံးရာသီ, သုံးရာသီ, အမှတ်(၃)လမ်းဆုံ, တပ်ထိပ်, အောင်မင်္ဂလာအဝေးပြေး, ဓမ္မာရုံ, (၆)ကွေ့, ကန်သာယာ, ကန်သာယာ, ဥဇ္ဇနာ, က္ကန္ဒာ, သုနန္ဒာ, ဝဇီယာ, သန္တာ, (ဃ)ဈေး, မြောက်ဥက္ကလာအဝိုင်း, ကျောက်ရေတွင်း, ဘုန်းကြီးလမ်း, ကျောင်းကွေ့, (၂)ဈေး, ကျောင်းလမ်း, အုတ်ပုံဆိပ်, (၄၃၅)မှတ်တိုင်, (၄၃၆)မှတ်တိုင်, ဘေလီ, ကေတုမာလာကွေ့, တကောင်း, နန္ဒဝန်ဈေး, အင်းဝ, တောင်ဥက္ကလာစာတိုက်, ရုံးရှေ့, ပဒေသာ, (၁၄/၁၅)လမ်းဆုံ, အောင်ရတနာ, သရက်တော, ဇဝန, ခပ်ချီးယား, အသင်းတိုက်, သုဝဏ္ဏလမ်းဆုံ, ကျောက်တိုင်, အနော်မာ, ကျောင်းကွေ့/ထူပါရုံ, မြေနီ, (၈)ဂိတ်, သာကေတအဝိုင်း, (၁၀၈)တောင်, ဆောက်လုပ်ရေး, လက်မှတ်ဂိတ်, အောင်သုခ, ရေနံဂိ်တ်, ဒါကုရ်, မြို့မ, ဲမြို့မဈေး, ဖိုးမြေ, ရုံးရှေ့, အောက်ကွေ့, အပေါ်ကွေ့, ကျားဘုရား, သမကောလိပ်, ဆည်မြောင်း, အောင်ချမ်းသာ, (၁၈)ကုန်း, ဘုရားရှေ့, ဘုရားကုန်းလမ်းဆုံ"
33,2,"ကျောက်တန်း, ကျောက်တန်း(သန်လျင်လမ်း), သန်လျင်အမှတ်(၁)တံတား, သာကေတအဝိုင်း, ကျောက်တိုင်, မင်းနန္ဒာလမ်း, ဒေါပုံ, မင်္ဂလာဈေး, ကျိုက္ကဆံလမ်း, ဗညားဒလလမ်း, ယုဇနပလာဇာ","ကျောက်တန်း, ဈေးကွေ့, ဂါတ်တဲကွေ့, ပဲလှော်ဖို, အောင်ချမ်းသာ, ဆီဆိုင်, ချမ်းမြေ့သာယာ, ပါဒကြီး, မြွေဘုရား, ညောင်ဝိုင်း, စိုက်ပျိုးရေး, ထမနီးကုန်းထိပ်, ထမနီးဘုန်းကြီးကျောင်းရှေ့, အလယ်ရွာ, ဂိတ်ဟောင်း, ဂိတ်(၁), အောင်သပြေ, နည်းပညာတက္ကသိုလ်(ဂျီတီယူ), ကိုတင်မောင်ခြံဝ, ဘုရားလေး, ထားမလုံ, ငါးစု, စော်ဘွား, နတ်စင်ကုန်း, ဂိတ်ဝ, ကျိုက်အင်း, ဆန်စက်, စစ်စည်းတော, နတ်စင်တစ်ရာ, ဘုရားကုန်းလမ်းဆုံ, ဘုရားရှေ့, (၁၈)ကုန်း, အောင်ချမ်းသာ, ဆည်မြောင်း, သမကောလိပ်, ကျားဘုရား, အပေါ်ကွေ့, အောက်ကွေ့, ရုံးရှေ့, ဖိုးမြေ, ဲမြို့မဈေး, မြို့မ, ဒါကုရ်, ရေနံဂိ်တ်, အောင်သုခ, ်မီးပွိုင့်, လက်မှတ်ဂိတ်, တံတားထိပ်, ဆောက်လုပ်ရေး, (၁၀၈)တောင်, သာကေတအဝိုင်း, (၈)ဂိတ်, မြေနီ, ကျောင်းကွေ့/ထူပါရုံ, အနော်မာ, ကျောက်တိုင်, မြေနီလမ်း, တပ်ဖွဲ့, (၁)ဈေးကွေ့, သဒ္ဓါရုံ, ဝက်စု, ရန်အောင်, သင်္ဘောကျင်း, ဝါဆို, မင်္ဂလာဈေး, မင်္ဂလာမွန်ဈေး, သီတာ, အောင်မင်္ဂလာ, ယုဇနပလာဇာ/လမ်းကျယ်, မင်္ဂလာဈေး, ဝါဆို, သင်္ဘောကျင်း, ရန်အောင်, ဝက်စု, သဒ္ဓါရုံ, (၁)ဈေးကွေ့, တပ်ဖွဲ့, မြေနီလမ်း, ကျောက်တိုင်, အနော်မာ, ကျောင်းကွေ့/ထူပါရုံ, မြေနီ, (၈)ဂိတ်, သာကေတအဝိုင်း, (၁၀၈)တောင်, ဆောက်လုပ်ရေး, တံတားထိပ်, လက်မှတ်ဂိတ်, ်မီးပွိုင့်, အောင်သုခ, ရေနံဂိ်တ်, ဒါကုရ်, မြို့မ, ဲမြို့မဈေး, ဖိုးမြေ, ရုံးရှေ့, အောက်ကွေ့, အပေါ်ကွေ့, ကျားဘုရား, သမကောလိပ်, ဆည်မြောင်း, အောင်ချမ်းသာ, (၁၈)ကုန်း, ဘုရားရှေ့, ဘုရားကုန်းလမ်းဆုံ, နတ်စင်တစ်ရာ, စစ်စည်းတော, ဆန်စက်, ကျိုက်အင်း, ဂိတ်ဝ, နတ်စင်ကုန်း, စော်ဘွား, ငါးစု, ထားမလုံ, ဘုရားလေး, ကိုတင်မောင်ခြံဝ, နည်းပညာတက္ကသိုလ်(ဂျီတီယူ), အောင်သပြေ, ဂိတ်(၁), ဂိတ်ဟောင်း, အလယ်ရွာ, ထမနီးဘုန်းကြီးကျောင်းရှေ့, ထမနီးကုန်းထိပ်, စိုက်ပျိုးရေး, ညောင်ဝိုင်း, မြွေဘုရား, ပါဒကြီး, ချမ်းမြေ့သာယာ, ဆီဆိုင်, အောင်ချမ်းသာ, ပဲလှော်ဖို, ဂါတ်တဲကွေ့, ဈေးကွေ့, ကျောက်တန်း"
34,2,"ခရမ်း, သုံးခွ, အရှေ့ပိုင်းတက္ကသိုလ်, သန်လျင်ကျောက်တန်း လမ်း, သန်လျင်အမှတ်(၁)တံတား, သာကေတ(အဝိုင်း), မြင်တော်သာလမ်း, မဟာဗန္ဓုလတံတား, ဗိုလ်တထောင်ဘုရားလမ်း, ကမ်းနားလမ်း, သိမ်ဖြူလမ်း, မဟာဗန္ဓုလလမ်း","ဘဏ်ရှေ့, ဘားလမ်း, ရွှေပုစွန်ကွေ့, လေဆိုင်, ခွန်ထိပ်, စိုက်ပျိုးရေးကွေ့, ကြိုဆိုပါ၏, မိသားစုတံတား, ဝါးတံတား, ဘုရားလေးတံတား, ငပိအုတ်ပေါက်, ဦးတင်လှတံတား, ရဲနွယ်, အုန်းတံတား, နှစ်ထပ်ကွေ့, ညောင်နီတံတား, တိုက်တူးကန်, ပွင့်ဦး, တံတားဖြူ, တံတားနီ, ဖိုက်စတား, ဗိုလ်တဲကုန်း, တံတားဖြူ, တောင်မို့/လှည်းလမ်း, ဥယာဉ်သာ, ပျဉ်းမကန်, ကံမြင့်, ကားကြီးတဲ, ပုလဲ, ပုလဲမော်တော်ဆိပ်, ဆန္ဒတူ, ရွှေထန်းပင်, ချင်းမလေးကရင်ဆိပ်(ကရင်ဆိပ်), ကရင်ဆိပ်သမ, ကရင်ဆိပ်အနောက်ဖျား, သူဌေးကွင်း, ခြံဝိုင်း, မရင်ကွေ့, ညောင်ပင်လေးဈေး, စစ်ပင်ကွင်း, ချောင်း(၁), နေလ, ကြာနီကန်, ခြောက်လမ်းသွား, ငုံးခြံ, ကားကြီးဂိတ်, အရှေ.ပိုင်းတက္ကသိုလ်, ကွမ်းယာဆိုင်, ညောင်ပင်, ဘုရားကုန်းလမ်းဆုံ, ဘုရားရှေ့, (၁၈)ကုန်း, အောင်ချမ်းသာ, ဆည်မြောင်း, သမကောလိပ်, ကျားဘုရား, ်မီးပွိုင့်, လက်မှတ်ဂိတ်, ဆောက်လုပ်ရေး, (၁၀၈)တောင်, သာကေတအဝိုင်း, (၈)ဂိတ်, မြေနီ, ကျောင်းကွေ့, ဘုရားရှေ့, (၇)ဈေး, ကျန်းမာရေး, ရုပ်ရှင်ရုံ, နယ်မြေရုံး, စာတိုက်, ဆီဆိုင်, ခင်မမကြား, (၃)ဈေး, အရှေ့ကြား, (၃)ဂိတ်ဟောင်း, မာန်ပြေ, ရန်ပြေ, သင်္ဘောကျင်း, အိုးရှင်း, ဂန္ဓီ, ရဲစခန်း, ဗိုလ်တထောင်ဘုရား, ဗဟိုရုံး, ကြယ်ငါးပွင့်, (၄၆)လမ်း, လမ်း(၅၀), ဂန္ဓီ, အိုးရှင်း, သင်္ဘောကျင်း, ရန်ပြေ, မာန်ပြေ, (၃)ဂိတ်ဟောင်း, အရှေ့ကြား, (၃)ဈေး, ခင်မမကြား, ဆီဆိုင်, စာတိုက်, နယ်မြေရုံး, ရုပ်ရှင်ရုံ, ကျန်းမာရေး, (၇)ဈေး, ဘုရားရှေ့, ကျောင်းကွေ့, မြေနီ, (၈)ဂိတ်, သာကေတအဝိုင်း, (၁၀၈)တောင်, ဆောက်လုပ်ရေး, လက်မှတ်ဂိတ်, ်မီးပွိုင့်, ကျားဘုရား, သမကောလိပ်, ဆည်မြောင်း, အောင်ချမ်းသာ, (၁၈)ကုန်း, ဘုရားရှေ့, ဘုရားကုန်းလမ်းဆုံ, ညောင်ပင်, ကွမ်းယာဆိုင်, အရှေ.ပိုင်းတက္ကသိုလ်, ကားကြီးဂိတ်, ငုံးခြံ, ခြောက်လမ်းသွား, ကြာနီကန်, နေလ, ချောင်း(၁), စစ်ပင်ကွင်း, ညောင်ပင်လေးဈေး, မရင်ကွေ့, ခြံဝိုင်း, သူဌေးကွင်း, ကရင်ဆိပ်အနောက်ဖျား, ကရင်ဆိပ်သမ, ချင်းမလေးကရင်ဆိပ်(ကရင်ဆိပ်), ရွှေထန်းပင်, ဆန္ဒတူ, ပုလဲမော်တော်ဆိပ်, ပုလဲ, ကားကြီးတဲ, ကံမြင့်, ပျဉ်းမကန်, ဥယာဉ်သာ, တောင်မို့/လှည်းလမ်း, ဗိုလ်တဲကုန်း, ဖိုက်စတား, တံတားနီ, တံတားဖြူ, တံတားဖြူ, ပွင့်ဦး, တိုက်တူးကန်, ညောင်နီတံတား, နှစ်ထပ်ကွေ့, အုန်းတံတား, ရဲနွယ်, ဦးတင်လှတံတား, ငပိအုတ်ပေါက်, ဘုရားလေးတံတား, ဝါးတံတား, မိသားစုတံတား, ကြိုဆိုပါ၏, စိုက်ပျိုးရေးကွေ့, ခွန်ထိပ်, လေဆိုင်, ရွှေပုစွန်ကွေ့, ဘားလမ်း, ဘဏ်ရှေ့"
35,0,"ထောက်ကြန့်, နွယ်ခွေ, အမှတ်(၃)လမ်းပုလဲမြို့သစ်, အမှတ်(၃)လမ်းဆုံ, ခရေပင်လမ်းခွဲ, ပြည်လမ်း, ၈မိုင်လမ်းဆုံ, လှည်းတန်း, မြေနီကုန်း, ဘုန်းကြီးလမ်း, ကမ်းနားလမ်း, မော်တင်, မဟာဗန္ဓုလလမ်း","ထောက်ကြန့်လမ်းဆုံ, လမ်းသစ်, ကျောင်းရှေ့, နွယ်ခွေ, စီပီလိုက်, ဒေဝူး, ဆေးဂဲလ်, မွေးမြူရေး, ရေစင်, ခြံပေါက်, ကုန်းထိပ်, ဘုရားလေး, ရဲဘော်ဟောင်း, ရှမ်းစု, ဘိုခြံ, ်(၁)နံပါတ်, ဆင်မင်း, ရေကြည်အိုင်, ဝါယာလက်, ကျိုက္ကလို့, ကျိုက္ကလဲ့/ဆပ်ပလိုင်း, နိုင်ငံရေး, မင်္ဂလာဒုံဈေး, ခရေပင်လမ်းခွဲ, စာတိုက်, ဆေးကျောင်း, ဘီအိုစီ, ပန်းခြံကုန်း, ကုလားဘုရား, ထန်းပင်ကုန်း, စော်ဘွားကြီးကုန်းလမ်းဆုံ, အဝေးပြေး, (၁၀)မိုင်ကုန်း, (၉)မိုင်ခွဲ, (၉)မိုင်, အေဝမ်း, မဟာစည်, (၈)မိုင်, (၇)မိုင်, အေဒီ, ကျောင်းကွေ့, (၆)မိုင်ခွဲ, တံတားဖြူ, မာလာ, စိုက်ပျိုးရေး, ဟံသာဝတီ, မဟာမြိုင်, မြေနီကုန်း(ပြည်လမ်း), ဟယ်(လ်)ပင်, ပဲခူးကလပ်, စိန်ဂျွန်း, စံပြ, မော်တင်, စံပြ, စိန်ဂျွန်း, ပဲခူးကလပ်, ဟယ်(လ်)ပင်, မြေနီကုန်း(ပြည်လမ်း), မဟာမြိုင်, ဟံသာဝတီ, စိုက်ပျိုးရေး, မာလာ, တံတားဖြူ, (၆)မိုင်ခွဲ, ကျောင်းကွေ့, အေဒီ, (၇)မိုင်, (၈)မိုင်, မဟာစည်, အေဝမ်း, (၉)မိုင်, (၉)မိုင်ခွဲ, (၁၀)မိုင်ကုန်း, အဝေးပြေး, စော်ဘွားကြီးကုန်းလမ်းဆုံ, ထန်းပင်ကုန်း, ကုလားဘုရား, ပန်းခြံကုန်း, ဘီအိုစီ, ဆေးကျောင်း, စာတိုက်, ခရေပင်လမ်းခွဲ, မင်္ဂလာဒုံဈေး, နိုင်ငံရေး, ကျိုက္ကလဲ့/ဆပ်ပလိုင်း, ကျိုက္ကလို့, ဝါယာလက်, ရေကြည်အိုင်, ဆင်မင်း, ်(၁)နံပါတ်, ဘိုခြံ, ရှမ်းစု, ရဲဘော်ဟောင်း, ဘုရားလေး, ကုန်းထိပ်, ခြံပေါက်, ရေစင်, မွေးမြူရေး, ဆေးဂဲလ်, ဒေဝူး, စီပီလိုက်, နွယ်ခွေ, ကျောင်းရှေ့, လမ်းသစ်, ထောက်ကြန့်လမ်းဆုံ"
36,0,"ထောက်ကြန့်, နွယ်ခွေ, အမှတ်(၃)လမ်း, ပုလဲမြို့သစ်, အမှတ်(၃)လမ်းဆုံ, သုဓမ္မာလမ်း, မြောက်ဥက္ကလာပအဝိုင်း, နဝဒေး, ကမ္ဘာအေးဘုရားလမ်း, ဗဟန်း(၃)လမ်း, ရန်ကုန်ဘူတာကြီး, ဆူးလေ","ဂိတ်ဟောင်း, ထောက်ကြန့်လမ်းဆုံ, လမ်းသစ်, ကျောင်းရှေ့, (၁)ရပ်ကွက်, (၄)ရပ်ကွက်, နွယ်ခွေ, ဝါးဆိုင်, ဆိုက်သစ်, ရေစက်, တပ်ရင်း(၉), ကုန်းတလပေါင်, လန်ဒန်စက်ရုံ, ဆိုင်းဘုတ်, နီလာ, မှိုုရုံ, သုံးသုံးလုံး, ပုလဲလမ်းဆုံ, တံတားဖြူ, ရခိုင်ကျောင်း, (၆)လမ်း, ပုလဲအိမ်ယာ, (၁၂)လမ်း, သင်္ဃန်းကျွန်း, ညောင်ပင်, အိုးအိမ်, တရားရုံး, အလယ်ပေါက်, အမှတ်(၃)လမ်းဆုံ, တပ်ထိပ်, အောင်မင်္ဂလာအဝေးပြေး, ဓမ္မာရုံ, (၆)ကွေ့, ကန်သာယာ, ဥဇ္ဇနာ, က္ကန္ဒာ, သုနန္ဒာ, ဝဇီယာ, သန္တာ, (ဃ)ဈေး, မြောက်ဥက္ကလာအဝိုင်း, ကျောက်ရေတွင်း, ဘုန်းကြီးလမ်း, (၂)ဈေး, (၅)လမ်း, လမ်းဝ/နဝဒေး, စာတိုက်, ကမ္ဘာအေးဘုရားလမ်း, ချော်တွင်းကုန်း, (၁၀၆), ရိပ်သာ, လမ်းနီ, ကုက္ကိုင်း/ကျောင်းရှေ့, ဟာမစ်တစ်, ဗဟန်းသုံးလမ်း, ကျောက်တိုင်, ယောက်လမ်း, ရုပ်ရှင်ရုံ, ဆူးလေမြို့တော်ခန်းမ, ယောက်လမ်း, ကျောက်တိုင်, ဗဟန်းသုံးလမ်း, ရေခဲဆိုင်, ဟာမစ်တစ်, ကုက္ကိုင်း/ကျောင်းရှေ့, စက်မှု(၁)/မြန်မာပလာဇာ, လမ်းနီ, ရိပ်သာ, (၁၀၆), ချော်တွင်းကုန်း, ကမ္ဘာအေးဘုရားလမ်း, စာတိုက်, လမ်းဝ/နဝဒေး, (၅)လမ်း, (၂)ဈေး, ဘုန်းကြီးလမ်း, ကျောက်ရေတွင်း, မြောက်ဥက္ကလာအဝိုင်း, (ဃ)ဈေး, သန္တာ, ဝဇီယာ, သုနန္ဒာ, က္ကန္ဒာ, ဥဇ္ဇနာ, ကန်သာယာ, ဧရာ, (၆)ကွေ့, ဓမ္မာရုံ, အောင်မင်္ဂလာအဝေးပြေး, တပ်ထိပ်, အမှတ်(၃)လမ်းဆုံ, အလယ်ပေါက်, တရားရုံး, အိုးအိမ်, ညောင်ပင်, သင်္ဃန်းကျွန်း, (၁၂)လမ်း, ပုလဲအိမ်ယာ, (၆)လမ်း, ရခိုင်ကျောင်း, တံတားဖြူ, ပုလဲလမ်းဆုံ, သုံးသုံးလုံး, မှိုုရုံ, နီလာ, ဆိုင်းဘုတ်, လန်ဒန်စက်ရုံ, ကုန်းတလပေါင်, တပ်ရင်း(၉), ရေစက်, ဆိုက်သစ်, ဝါးဆိုင်, နွယ်ခွေ, (၄)ရပ်ကွက်, (၁)ရပ်ကွက်, ကျောင်းရှေ့, လမ်းသစ်, ထောက်ကြန့်လမ်းဆုံ, ဂိတ်ဟောင်း"
37,0,"ထောက်ကြန့်, ပြည်လမ်း, ခရေပင်လမ်းခွဲ, စော်ဘွားကြီးကုန်း, ၁၀မိုင်ကုန်း, ၈မိုင်လမ်းဆုံ, လှည်းတန်း, မြေနီကုန်း, စံပြ, ဘုန်းကြီးလမ်း, ကမ်းနားလမ်း, မော်တင်, မဟာဗန္ဓုလလမ်း","ဂိတ်ဟောင်း, ထောက်ကြန့်လမ်းဆုံ, လမ်းသစ်, ကျောင်းရှေ့, နွယ်ခွေ, စီပီလိုက်, ဒေဝူး, ဆေးဂဲလ်, မွေးမြူရေး, ရေစင်, ခြံပေါက်, ကုန်းထိပ်, ဘုရားလေး, ရဲဘော်ဟောင်း, ရှမ်းစု, ဘိုခြံ, ်(၁)နံပါတ်, ဆင်မင်း, ရေကြည်အိုင်, ဝါယာလက်, ကျိုက္ကလို့, ကျိုက္ကလဲ့/ဆပ်ပလိုင်း, နိုင်ငံရေး, မင်္ဂလာဒုံဈေး, ခရေပင်လမ်းခွဲ, စာတိုက်, ဆေးကျောင်း, ဘီအိုစီ, ပန်းခြံကုန်း, ကုလားဘုရား, ထန်းပင်ကုန်း, စော်ဘွားကြီးကုန်းလမ်းဆုံ, အဝေးပြေး, (၁၀)မိုင်ကုန်း, (၉)မိုင်ခွဲ, (၉)မိုင်, အေဝမ်း, မဟာစည်, (၈)မိုင်, (၇)မိုင်, အေဒီ, ကျောင်းကွေ့, (၆)မိုင်ခွဲ, တံတားဖြူ, မာလာ, စိုက်ပျိုးရေး, ဟံသာဝတီ, မဟာမြိုင်, မြေနီကုန်း(ပြည်လမ်း), ဟယ်(လ်)ပင်, ပဲခူးကလပ်, စိန်ဂျွန်း, စံပြ, မော်တင်, စံပြ, စိန်ဂျွန်း, ပဲခူးကလပ်, ဟယ်(လ်)ပင်, မြေနီကုန်း(ပြည်လမ်း), မဟာမြိုင်, ဟံသာဝတီ, စိုက်ပျိုးရေး, မာလာ, တံတားဖြူ, (၆)မိုင်ခွဲ, ကျောင်းကွေ့, အေဒီ, (၇)မိုင်, (၈)မိုင်, မဟာစည်, အေဝမ်း, (၉)မိုင်, (၉)မိုင်ခွဲ, (၁၀)မိုင်ကုန်း, အဝေးပြေး, စော်ဘွားကြီးကုန်းလမ်းဆုံ, ထန်းပင်ကုန်း, ကုလားဘုရား, ပန်းခြံကုန်း, ဘီအိုစီ, ဆေးကျောင်း, စာတိုက်, ခရေပင်လမ်းခွဲ, မင်္ဂလာဒုံဈေး, နိုင်ငံရေး, ကျိုက္ကလဲ့/ဆပ်ပလိုင်း, ကျိုက္ကလို့, ဝါယာလက်, ရေကြည်အိုင်, ဆင်မင်း, ်(၁)နံပါတ်, ဘိုခြံ, ရှမ်းစု, ရဲဘော်ဟောင်း, ဘုရားလေး, ကုန်းထိပ်, ခြံပေါက်, ရေစင်, မွေးမြူရေး, ဆေးဂဲလ်, ဒေဝူး, စီပီလိုက်, နွယ်ခွေ, ကျောင်းရှေ့, လမ်းသစ်, ထောက်ကြန့်လမ်းဆုံ, ဂိတ်ဟောင်း"
38,1,"ဘေလီ, သံသုမာလမ်း, တောင်ဥက္ကလာဘုရား, သစ္စာလမ်း, မိုးကောင်းလမ်း, ရန်ကင်းလမ်း, ရန်ရှင်းလမ်း, စက်မှု(၁)လမ်း, ကမ္ဘာအေးဘုရားလမ်း, ကုက္ကိုင်း, တက္ကသိုလ်ရိပ်သာလမ်း, လှည်းတန်းလမ်း, ဆင်မလိုက်, ဘုရင့်နောင်လမ်း, သီရိမင်္ဂလာဈေးသစ်","ဘေလီ, မြင်သာဈေး, တောင်ဥက္ကလာပဘုရား, ဘုရားလမ်း, တောင်ဥက္ကလာစာတိုက်, ပုဏ္ဏမီ, ဗဟိုဈေး, သံလမ်း, မိုးကောင်း, ရန်ကင်းစာတိုက်, (၁၂)လုံးတန်း, ရန်ကင်းဈေး, စက်မှု(၁), လမ်းနီ, ကုက္ကိုင်း, အင်ယာမြိုင်, သံလွင်, ယူအပ်ဖ်အယ်, ကျောင်းလမ်း, ကျောင်းရှေ့/ဓမ္မာရုံ, လှည်းတန်းဈေး, ကျောင်းရှေ့/ကုန်းဆင်း, သင်္ဘောကျင်း, ရေကြောင်း, ရွာမကွေ့, ချောင်းဝ, ဘူတာရုံလမ်း, အိုဝမ်း, ပိတောက်ချောင်း/သီရိမင်္ဂလာဈေးသစ်, ပိတောက်ချောင်း/သီရိမင်္ဂလာဈေးသစ်, အိုဝမ်း, ဘူတာရုံလမ်း, ချောင်းဝ, ရွာမကွေ့, ရေကြောင်း, သင်္ဘောကျင်း, ကျောင်းရှေ့/ကုန်းဆင်း, လှည်းတန်းဈေး, ကျောင်းရှေ့/ဓမ္မာရုံ, ကျောင်းလမ်း, ယူအပ်ဖ်အယ်, သံလွင်, အင်ယာမြိုင်, ကုက္ကိုင်း, စက်မှု(၁)/မြန်မာပလာဇာ, စက်မှု(၁), ရန်ကင်းဈေး, (၁၂)လုံးတန်း, ရန်ကင်းစာတိုက်, မိုးကောင်း, သံလမ်း, ဗဟိုဈေး, ပုဏ္ဏမီ, တောင်ဥက္ကလာစာတိုက်, ဘုရားလမ်း, တောင်ဥက္ကလာပဘုရား, မြင်သာဈေး, ဘေလီ"
39,0,"ရွှေပြည်သာ(လိန်ကုန်း), အမှတ်(၄)လမ်း, ကွန်ပြူတာတက္ကသိုလ်, တညင်းကုန်း, ပြည်တော်သာ(အောက်လမ်း), ဘီအိုစီ, YTU, သမိုင်းလမ်းဆုံ, လှည်းတန်း, မြေနီကုန်း, စံပြ, ဘုန်းကြီးလမ်း, ကမ်းနားလမ်း, မော်တင်, မဟာဗန္ဓုလလမ်း","အောက်ဂိတ်, ကျောင်းရှေ့, တာဆုံ, ကွက်သစ်, ပဒုမ္မာ, ကွန်ပျူတာ, နွားခြံ, သဘာဝ, သာဓုကန်, ပုည, အုတ်ဖို, သံဖြူ, ရဲ(၆), ဂိတ်ဟောင်း, ရွှေပြည်သာကွေ့, စစ်တပ်, ကျောင်းလမ်း, ကန်သာယာ, မြင်းလှည်းဂိတ်, ဘုန်းကြီးကျောင်း, ဆောက်လုပ်ရေး, ဒညင်းကုန်းလမ်းဆုံ, ဘိုခြံ, ရွာသစ်, အောင်ဆန်းဈေး, ကျောင်းဂိတ်, (၁)ဂိတ်, ဆောင်(၂), ဖော့ကန်ဈေး, ဂျပန်လမ်း, ပြည်တော်သာ/(GTI)ထိပ်, သရက်တော, ဗိုလ်ကုန်း, ဟိုက်ပက်, မညက, အင်းစိန်ဆေးရုံကြီး, အင်းစိန်ပန်းခြံ, ဘီအိုစီ, ကြို့ကုန်း, ဘီပီအိုင်, ခဝဲခြံ, ကုလားကျောင်း, သမိုင်းလမ်းဆုံ, ဘုရားလမ်း, အုတ်ကျင်း, ဘာတာ, သံလမ်း, သုခ, ဘူတာရုံလမ်း, ဆင်ရေတွင်း, စံရိပ်ငြိမ်, လှည်းတန်း, စိုက်ပျိုးရေး, ဟံသာဝတီ, မဟာမြိုင်, မြေနီကုန်း(ပြည်လမ်း), ဟယ်(လ်)ပင်, ပဲခူးကလပ်, စိန်ဂျွန်း, စံပြ, မော်တင်, စံပြ, စိန်ဂျွန်း, ပဲခူးကလပ်, ဟယ်(လ်)ပင်, မြေနီကုန်း(ပြည်လမ်း), မဟာမြိုင်, ဟံသာဝတီ, စိုက်ပျိုးရေး, လှည်းတန်း, စံရိပ်ငြိမ်, ဆင်ရေတွင်း, ဘူတာရုံလမ်း, သုခ, သံလမ်း, ဘာတာ, အုတ်ကျင်း, သမိုင်းလမ်းဆုံ, ကုလားကျောင်း, ခဝဲခြံ, ဘီပီအိုင်, ကြို့ကုန်း, ဘီအိုစီ, အင်းစိန်ပန်းခြံ, အင်းစိန်ဆေးရုံကြီး, မညက, ဟိုက်ပက်, ဗိုလ်ကုန်း, သရက်တော, ပြည်တော်သာ/(GTI)ထိပ်, ဂျပန်လမ်း, ဖော့ကန်ဈေး, ဆောင်(၂), (၁)ဂိတ်, ကျောင်းဂိတ်, အောင်ဆန်းဈေး, ရွာသစ်, ဘိုခြံ, ဒညင်းကုန်းလမ်းဆုံ, ဆောက်လုပ်ရေး, ဘုန်းကြီးကျောင်း, မြင်းလှည်းဂိတ်, ကန်သာယာ, ကျောင်းလမ်း, စစ်တပ်, ရွှေပြည်သာကွေ့, ဂိတ်ဟောင်း, ရဲ(၆), သံဖြူ, အုတ်ဖို, ပုည, သာဓုကန်, သဘာဝ, နွားခြံ, ကွန်ပျူတာ, ပဒုမ္မာ, ကွက်သစ်, တာဆုံ, ကျောင်းရှေ့, အောက်ဂိတ်"
40,0,"ရွှေပြည်သာ(လိန်ကုန်း), ထန်းခြောက်ပင်, ပုလဲလမ်း, ၁၄လမ်းဆုံ, တညင်းကုန်းလမ်းဆုံ, ပြည်တော်သာ, ဘုရင့်နောင်လမ်းမကြီး, ပေါက်တောဝ, ဘုရင့်နောင်, သီရိမင်္ဂလာဈေးသစ်, ဆင်မလိုက်, စံပြငါးဈေး, ကမ်းနားလမ်း, သခင်မြပန်းခြံ","အောက်ဂိတ်, အောင်မေတ္တာ, အောင်ချမ်းသာ, ငြိမ်းချမ်းရေး, (ဏ)ကွေ့, ရုံးရှေ့, ကိုးသုံးလုံး, ဆင်နှစ်ကောင်, (၃)ထိပ်, ငမောက်ဈေး, ရေချမ်းစင်, နဝရတ်, ကျော်စွာ, တော်ဝင်, ရွှေညာမောင်, ကားကြီးဂိတ်, ဆေးခန်း, ထန်းခြောက်ပင်, ကားလေးဂိတ်, (၈၁)ဂိတ်, ပျော်ဘွယ်, ဇင်ယော်, ပုလဲလမ်း, ဘုန်းကြီးကျောင်းကွေ့, တံတားထိပ်, (၁၉၉)ဂိတ်ဟောင်း, (၁၄)လမ်းဆုံ, ဘူတာဈေး, ဒညင်းကုန်းလမ်းဆုံ, ဘိုခြံ, ရွာသစ်, အောင်ဆန်းဈေး, ကျောင်းဂိတ်, (၁)ဂိတ်, ဆောင်(၂), ဖော့ကန်ဈေး, ဂျပန်လမ်း, ပြည်တော်သာ, ရွာမ, ဆရာတော်ကြီး, မင်းစေတီ, (၄၈)ဂိတ်, ပေါက်တောဝ, ညောင်ပင်, မြို့သစ်ဈေးု, ပိတောက်လမ်း, ကြို့ကုန်းလမ်းဆုံ, ဘုရင့်နောင်ဈေး/ဈေးပွဲရုံ, ဘုရင့်နောင်လမ်းဆုံ, ဘုရ, စစ်ကြောရေး/လျှော်ရွေး, ပိတောက်ချောင်း/သီရိမင်္ဂလာဈေးသစ်, အိုဝမ်း, ဘူတာရုံလမ်း, ချောင်းဝ, ရွာမကွေ့, ရေကြောင်း, သင်္ဘောကျင်း, ဆင်မလိုက်, နတ်စင်လမ်း, ကမ်းနားဈေး, ကြည့်မြင်တိုင်ညဈေး, စာတိုက်, သဲကွင်း, ဟုမ်းလမ်း, သီရိမင်္ဂလာဈေး, ကွင်းကျောင်း, ဆင်မင်းဈေး, သစ်တော, ထော်လီကွေ့, သခင်မြပန်းခြံ, သခင်မြပန်းခြံ, ထော်လီကွေ့, သစ်တော, ဆင်မင်းဈေး, ကွင်းကျောင်း, သီရိမင်္ဂလာဈေး, ဟုမ်းလမ်း, သဲကွင်း, စာတိုက်, ကြည့်မြင်တိုင်ညဈေး, ကမ်းနားဈေး, နတ်စင်လမ်း, ဆင်မလိုက်, သင်္ဘောကျင်း, ရေကြောင်း, ရွာမကွေ့, ချောင်းဝ, ဘူတာရုံလမ်း, အိုဝမ်း, ပိတောက်ချောင်း/သီရိမင်္ဂလာဈေးသစ်, စစ်ကြောရေး/လျှော်ရွေး, ဘုရ, ဘုရင့်နောင်လမ်းဆုံ, ဘုရင့်နောင်ဈေး/ဈေးပွဲရုံ, ကြို့ကုန်းလမ်းဆုံ, ပိတောက်လမ်း, မြို့သစ်ဈေးု, ညောင်ပင်, ပေါက်တောဝ, (၄၈)ဂိတ်, မင်းစေတီ, ဆရာတော်ကြီး, ရွာမ, ပြည်တော်သာ, ဂျပန်လမ်း, ဖော့ကန်ဈေး, ဆောင်(၂), (၁)ဂိတ်, ကျောင်းဂိတ်, အောင်ဆန်းဈေး, ရွာသစ်, ဘိုခြံ, ဒညင်းကုန်းလမ်းဆုံ, ဘူတာဈေး, (၁၄)လမ်းဆုံ, (၁၉၉)ဂိတ်ဟောင်း, တံတားထိပ်, ဘုန်းကြီးကျောင်းကွေ့, ပုလဲလမ်း, ဇင်ယော်, ပျော်ဘွယ်, (၈၁)ဂိတ်, ကားလေးဂိတ်, ထန်းခြောက်ပင်, ဆေးခန်း, ကားကြီးဂိတ်, ရွှေညာမောင်, တော်ဝင်, ကျော်စွာ, နဝရတ်, ရေချမ်းစင်, ငမောက်ဈေး, (၃)ထိပ်, ဆင်နှစ်ကောင်, ကိုးသုံးလုံး, ရုံးရှေ့, (ဏ)ကွေ့, ငြိမ်းချမ်းရေး, အောင်ချမ်းသာ, အောင်မေတ္တာ, အောက်ဂိတ်"
41,0,"ထောက်ကြန့်, ပြည်လမ်း, စော်ဘွားကြီးကုန်း, လမ်းသစ်လမ်း, အင်းစိန်ပန်းခြံ, လှည်တန်းလမ်း, ၃ထောင်ကွေ့, အောက်ကြည့်မြင့်တိုင်လမ်း, အထက်ကြည့်မြင့်တိုင်လမ်း, သခင်မြပန်းခြံ","ဂိတ်ဟောင်း, ထောက်ကြန့်လမ်းဆုံ, လမ်းသစ်, ကျောင်းရှေ့, နွယ်ခွေ, စီပီလိုက်, ဒေဝူး, ဆေးဂဲလ်, မွေးမြူရေး, ရေစင်, ခြံပေါက်, ကုန်းထိပ်, ဘုရားလေး, ရဲဘော်ဟောင်း, ရှမ်းစု, ဘိုခြံ, ်(၁)နံပါတ်, ဆင်မင်း, ရေကြည်အိုင်, ဝါယာလက်, ကျိုက္ကလို့, ကျိုက္ကလဲ့/ဆပ်ပလိုင်း, နိုင်ငံရေး, မင်္ဂလာဒုံဈေး, ခရေပင်လမ်းခွဲ, စာတိုက်, ဆေးကျောင်း, ဘီအိုစီ, ပန်းခြံကုန်း, ကုလားဘုရား, ထန်းပင်ကုန်း, စော်ဘွားကြီးကုန်းလမ်းဆုံ, အာလိန်ငါးဆင့်, ဝပ်ရှော့, အုတ်ကျင်းဝ, အင်းစိန်ပန်းခြံ, ဘီအိုစီ, ကြို့ကုန်း, ဘီပီအိုင်, ခဝဲခြံ, ကုလားကျောင်း, သမိုင်းလမ်းဆုံ, ဘုရားလမ်း, အုတ်ကျင်း, ဘာတာ, သံလမ်း, သုခ, ဘူတာရုံလမ်း, ဆင်ရေတွင်း, စံရိပ်ငြိမ်, လှည်းတန်း, လှည်းတန်းဈေး, ကျောင်းရှေ့/ကုန်းဆင်း, ဆင်မလိုက်, နတ်စင်လမ်း, ကမ်းနားဈေး, ကြည့်မြင်တိုင်ညဈေး, စာတိုက်, သဲကွင်း, ဟုမ်းလမ်း, သီရိမင်္ဂလာဈေး, ကွင်းကျောင်း, ဆင်မင်းဈေး, သစ်တော, ထော်လီကွေ့, သခင်မြပန်းခြံ, သခင်မြပန်းခြံ, ထော်လီကွေ့, သစ်တော, ဆင်မင်းဈေး, ကွင်းကျောင်း, သီရိမင်္ဂလာဈေး, ဟုမ်းလမ်း, သဲကွင်း, စာတိုက်, ကြည့်မြင်တိုင်ညဈေး, ကမ်းနားဈေး, နတ်စင်လမ်း, ဆင်မလိုက်, ကျောင်းရှေ့/ကုန်းဆင်း, လှည်းတန်းဈေး, လှည်းတန်း, စံရိပ်ငြိမ်, ဆင်ရေတွင်း, ဘူတာရုံလမ်း, သုခ, သံလမ်း, ဘာတာ, အုတ်ကျင်း, သမိုင်းလမ်းဆုံ, ကုလားကျောင်း, ခဝဲခြံ, ဘီပီအိုင်, ကြို့ကုန်း, ဘီအိုစီ, အင်းစိန်ပန်းခြံ, အုတ်ကျင်းဝ, ဝပ်ရှော့, အာလိန်ငါးဆင့်, စော်ဘွားကြီးကုန်းလမ်းဆုံ, ထန်းပင်ကုန်း, ကုလားဘုရား, ပန်းခြံကုန်း, ဘီအိုစီ, ဆေးကျောင်း, စာတိုက်, ခရေပင်လမ်းခွဲ, မင်္ဂလာဒုံဈေး, နိုင်ငံရေး, ကျိုက္ကလဲ့/ဆပ်ပလိုင်း, ကျိုက္ကလို့, ဝါယာလက်, ရေကြည်အိုင်, ဆင်မင်း, ်(၁)နံပါတ်, ဘိုခြံ, ရှမ်းစု, ရဲဘော်ဟောင်း, ဘုရားလေး, ကုန်းထိပ်, ခြံပေါက်, ရေစင်, မွေးမြူရေး, ဆေးဂဲလ်, ဒေဝူး, စီပီလိုက်, နွယ်ခွေ, ကျောင်းရှေ့, လမ်းသစ်, ထောက်ကြန့်လမ်းဆုံ, ဂိတ်ဟောင်း"
42,0,"ရွှေပြည်သာ(လိန်ကုန်း), လှော်ကားလမ်း, မဟာဗန္ဓုလလမ်း, ဘုရင့်နောင်လမ်း, ထန်းခြောက်ပင်, ရွှေပြည်သာကွေ့, တညင်းကုန်းလမ်းဆုံ, ခရေပင်လမ်းခွဲ, အမှတ်(၃)လမ်းဆုံ, သုဓမ္မာလမ်း, ဘုန်းကြီးလမ်း, သံသုမာလမ်း, ကမာကြည်လမ်း, သာကေတအဝိုင်း, သံလျင်တံတားချဉ်းကပ်လမ်း, ရှုခင်းသာမြို့ပါတ်လမ်း, ရတနာလမ်း(သင်္ဃန်းကျွန်း)","အောက်ဂိတ်, အောင်မေတ္တာ, အောင်ချမ်းသာ, ငြိမ်းချမ်းရေး, (ဏ)ကွေ့, ရုံးရှေ့, ကိုးသုံးလုံး, ဆင်နှစ်ကောင်, (၃)ထိပ်, ငမောက်ဈေး, ရေချမ်းစင်, နဝရတ်, ကျော်စွာ, တော်ဝင်, ရွှေညာမောင်, ကားကြီးဂိတ်, ဆေးခန်း, ထန်းခြောက်ပင်, ကားလေးဂိတ်, ခေါင်သုံးလုံး, သံလမ်း, ရေစင်, ရွှေပြည်သာကွေ့, စစ်တပ်, ကျောင်းလမ်း, ကန်သာယာ, မြင်းလှည်းဂိတ်, ဘုန်းကြီးကျောင်း, ဆောက်လုပ်ရေး, ဒညင်းကုန်းလမ်းဆုံ, ရေစက်, အစာစက်, (၆၄၆), ပန်းခြံ, (၁၀၆), ခရေပင်လမ်းခွဲ, ရာသက်ပန်, သုံးရာသီ, အမှတ်(၃)လမ်းဆုံ, တပ်ထိပ်, အောင်မင်္ဂလာအဝေးပြေး, ဓမ္မာရုံ, (၆)ကွေ့, ကန်သာယာ, ဥဇ္ဇနာ, က္ကန္ဒာ, သုနန္ဒာ, ဝဇီယာ, သန္တာ, (ဃ)ဈေး, မြောက်ဥက္ကလာအဝိုင်း, ကျောက်ရေတွင်း, ဘုန်းကြီးလမ်း, ကျောင်းကွေ့, (၂)ဈေး, ကျောင်းလမ်း, အုတ်ပုံဆိပ်, (၄၃၅)မှတ်တိုင်, (၄၃၆)မှတ်တိုင်, ဘေလီ, မြင်သာဈေး, တောင်ဥက္ကလာပဘုရား, မိုးစွေ, (၃၁)ဂိတ်/(၁)ဂိတ်, စီမံကိန်း, လိုင်စင်ရုံး, စံပြဈေး/ငမိုးရိပ်, စံပြဈေးကွေ့, ချမ်းအေးသွားဆေး, ဝေဘူလ, အောင်ဇေယျ, ဘုရင့်နောင်, ညောင်ပင်, စကားဝါ, စက်ရုံရှေ့, အဝိုင်း, (၁၀၈)တောင်, ဆောက်လုပ်ရေး, ဆောက်လုပ်ရေး, တံတားထိပ်, ဆောက်လုပ်ရေး, ဆောက်လုပ်ရေး, (၁၀၈)တောင်, အဝိုင်း, စက်ရုံရှေ့, စကားဝါ, ညောင်ပင်, ဘုရင့်နောင်, အောင်ဇေယျ, ဝေဘူလ, ချမ်းအေးသွားဆေး, စံပြဈေးကွေ့, စံပြဈေး/ငမိုးရိပ်, လိုင်စင်ရုံး, စီမံကိန်း, (၃၁)ဂိတ်/(၁)ဂိတ်, မိုးစွေ, တောင်ဥက္ကလာပဘုရား, မြင်သာဈေး, ဘေလီ, (၄၃၆)မှတ်တိုင်, (၄၃၅)မှတ်တိုင်, အုတ်ပုံဆိပ်, ကျောင်းလမ်း, (၂)ဈေး, ကျောင်းကွေ့, ဘုန်းကြီးလမ်း, ကျောက်ရေတွင်း, မြောက်ဥက္ကလာအဝိုင်း, (ဃ)ဈေး, သန္တာ, ဝဇီယာ, သုနန္ဒာ, က္ကန္ဒာ, ဥဇ္ဇနာ, ကန်သာယာ, (၆)ကွေ့, ဓမ္မာရုံ, အောင်မင်္ဂလာအဝေးပြေး, တပ်ထိပ်, အမှတ်(၃)လမ်းဆုံ, သုံးရာသီ, ရာသက်ပန်, ခရေပင်လမ်းခွဲ, (၁၀၆), ပန်းခြံ, (၆၄၆), အစာစက်, ရေစက်, ဒညင်းကုန်းလမ်းဆုံ, ဆောက်လုပ်ရေး, ဘုန်းကြီးကျောင်း, မြင်းလှည်းဂိတ်, ကန်သာယာ, ကျောင်းလမ်း, စစ်တပ်, ရွှေပြည်သာကွေ့, ရေစင်, သံလမ်း, ခေါင်သုံးလုံး, ကားလေးဂိတ်, ထန်းခြောက်ပင်, ဆေးခန်း, ကားကြီးဂိတ်, ရွှေညာမောင်, တော်ဝင်, ကျော်စွာ, နဝရတ်, ရေချမ်းစင်, ငမောက်ဈေး, (၃)ထိပ်, ဆင်နှစ်ကောင်, ကိုးသုံးလုံး, ရုံးရှေ့, (ဏ)ကွေ့, ငြိမ်းချမ်းရေး, အောင်ချမ်းသာ, အောင်မေတ္တာ, အောက်ဂိတ်"
43,3,"လိန်ကုန်း, လှော်ကားလမ်း, တာဆုံ, အမှတ်(၄)လမ်း, ပြည်လမ်း, မှော်ဘီဈေးရှေ့","အောက်ဂိတ်, ကျောင်းရှေ့, တာဆုံ, ရုပ်ရှင်ရုံ, မှော်ဘီဈေး, မှော်ဘီဈေး, ရုပ်ရှင်ရုံ, တာဆုံ, ကျောင်းရှေ့, အောက်ဂိတ်"
44,3,"လိန်ကုန်း, လှော်ကားလမ်း, တာဆုံ, အမှတ်(၄)လမ်း, တညင်းကုန်း, ခရေပင်လမ်းခွဲ, ထောက်ကြန့်, ရန်ကုန်ပဲခူးလမ်း, လှည်းကူးဈေးရှေ့","အောက်ဂိတ်, ကျောင်းရှေ့, တာဆုံ, ကွက်သစ်, ပဒုမ္မာ, ကွန်ပျူတာ, နွားခြံ, သဘာဝ, သာဓုကန်, ပုည, အုတ်ဖို, သံဖြူ, ရဲ(၆), ဂိတ်ဟောင်း, ရွှေပြည်သာကွေ့, စစ်တပ်, ကျောင်းလမ်း, ကန်သာယာ, မြင်းလှည်းဂိတ်, ဘုန်းကြီးကျောင်း, ဆောက်လုပ်ရေး, ဒညင်းကုန်းလမ်းဆုံ, ရေစက်, အစာစက်, (၆၄၆), ပန်းခြံ, (၁၀၆), မင်္ဂလာဒုံဈေး, နိုင်ငံရေး, ကျိုက္ကလဲ့/ဆပ်ပလိုင်း, ကျိုက္ကလို့, ဝါယာလက်, ရေကြည်အိုင်, ဆင်မင်း, ်(၁)နံပါတ်, ဘိုခြံ, ရှမ်းစု, ရဲဘော်ဟောင်း, ဘုရားလေး, ကုန်းထိပ်, ခြံပေါက်, ရေစင်, မွေးမြူရေး, ဆေးဂဲလ်, ဒေဝူး, စီပီလိုက်, နွယ်ခွေ, ကျောင်းရှေ့, လမ်းသစ်, ထောက်ကြန့်လမ်းဆုံ, မြို့လျှောက်လမ်း, ဆောက်လုပ်ရေး, ကလိုင်ထော်, စိမ်းလဲ့ဦး, အမှတ်(၃), ထန်းပင်ကန်, ရွှေဝါမြေ, ရတနာမြေ, ဆန်စက်, ကျွန်းကလေး, ရိတ်သိမ်း, အနောက်ဇရပ်, အရှေ့ဇရပ်, အာဇီဝ, စိန်နဂါး, ရန်ကင်း(၅)လမ်း, ရုံးရှေ့, ရုပ်ရှင်ရုံ, ရိပ်သာ, လှည်းကူးဈေး, သဉ္ဇာဦး, လှည်းကူးတာဆုံ, လှည်းကူးတာဆုံ, သဉ္ဇာဦး, လှည်းကူးဈေး, ရိပ်သာ, ရုပ်ရှင်ရုံ, ရုံးရှေ့, ရန်ကင်း(၅)လမ်း, စိန်နဂါး, အာဇီဝ, အရှေ့ဇရပ်, အနောက်ဇရပ်, ရိတ်သိမ်း, ကျွန်းကလေး, ဆန်စက်, ရတနာမြေ, ရွှေဝါမြေ, ထန်းပင်ကန်, အမှတ်(၃), စိမ်းလဲ့ဦး, ကလိုင်ထော်, ဆောက်လုပ်ရေး, မြို့လျှောက်လမ်း, ထောက်ကြန့်လမ်းဆုံ, လမ်းသစ်, ကျောင်းရှေ့, နွယ်ခွေ, စီပီလိုက်, ဒေဝူး, ဆေးဂဲလ်, မွေးမြူရေး, ရေစင်, ခြံပေါက်, ကုန်းထိပ်, ဘုရားလေး, ရဲဘော်ဟောင်း, ရှမ်းစု, ဘိုခြံ, ်(၁)နံပါတ်, ဆင်မင်း, ရေကြည်အိုင်, ဝါယာလက်, ကျိုက္ကလို့, ကျိုက္ကလဲ့/ဆပ်ပလိုင်း, နိုင်ငံရေး, မင်္ဂလာဒုံဈေး, ခရေပင်လမ်းခွဲ, (၁၀၆), ပန်းခြံ, (၆၄၆), အစာစက်, ရေစက်, ဒညင်းကုန်းလမ်းဆုံ, ဆောက်လုပ်ရေး, ဘုန်းကြီးကျောင်း, မြင်းလှည်းဂိတ်, ကန်သာယာ, ကျောင်းလမ်း, စစ်တပ်, ရွှေပြည်သာကွေ့, ဂိတ်ဟောင်း, ရဲ(၆), သံဖြူ, အုတ်ဖို, ပုည, သာဓုကန်, သဘာဝ, နွားခြံ, ကွန်ပျူတာ, ပဒုမ္မာ, ကွက်သစ်, တာဆုံ, ကျောင်းရှေ့, အောက်ဂိတ်"
45,3,"လှည်းကူးဈေးရှေ့, ဖောင်ကြီးလမ်း, ဖောင်ကြီး, မင်းကုန်း","လှည်းကူးဈေး, သဉ္ဇာဦး, လှည်းကူးတာဆုံ, စန်းသော်တာ, ညောင်ပင်, ဆည်မြောင်းရုံး, ငပိတဲ, စခန်းကြီး, မှန်ကုန်း, ထိန်သုံးပင်, ကလီထော်, အောင်သပြေ, ကြာကန်, ကဒစ်, နှုတ်ခမ်းမွှေးသိုက်, ဆီအုန်း, သပြေကုန်း, စာဘူးတောင်း, အမြန်လမ်းဆုံ, ညောင်ကုန်း, ကြို့ကုန်းလမ်းသစ်, ဟိုင်းကူး, သပြေတောင်, ဥယျာဉ်ဝ, ဥယျာဉ်ဝလမ်းသစ်, ဘုရားကုန်း, စည်ပင်လမ်းခွဲ, ဖောင်ကြီးတာဆုံ, အောင်ချမ်းသာ, ဆေးရုံကုန်း, ဗဟိုဝန်ထမ်းတက္ကသိုလ်, စံပြ, (၂)ဂိတ်, သမဝါယမကောလိပ်, ဆောက်လုပ်ရေးလမ်းခွဲ, မင်းကုန်း, မင်းကုန်း, ဆောက်လုပ်ရေးလမ်းခွဲ, သမဝါယမကောလိပ်, (၂)ဂိတ်, စံပြ, ဗဟိုဝန်ထမ်းတက္ကသိုလ်, ဆေးရုံကုန်း, အောင်ချမ်းသာ, ဖောင်ကြီးတာဆုံ, စည်ပင်လမ်းခွဲ, ဘုရားကုန်း, ဥယျာဉ်ဝလမ်းသစ်, ဥယျာဉ်ဝ, သပြေတောင်, ဟိုင်းကူး, ကြို့ကုန်းလမ်းသစ်, ညောင်ကုန်း, အမြန်လမ်းဆုံ, စာဘူးတောင်း, သပြေကုန်း, ဆီအုန်း, နှုတ်ခမ်းမွှေးသိုက်, ကဒစ်, ကြာကန်, အောင်သပြေ, ကလီထော်, ထိန်သုံးပင်, မှန်ကုန်း, စခန်းကြီး, ငပိတဲ, ဆည်မြောင်းရုံး, ညောင်ပင်, စန်းသော်တာ, လှည်းကူးတာဆုံ, သဉ္ဇာဦး, လှည်းကူးဈေး"
46,3,"ဒါးပိန်, အမှတ်(၂)လမ်း, ရွာသာကြီး(စီးပွားရေးတက္ကသိုလ်), တောင်မြောက်လမ်းဆုံ","လေးထောင့်ကန်(ဆိုက်မွေး ၁), ရိပ်သာ, သမ, ဦးခွေးပု, မုန့်ဖို, သပြေခြံ, ဒီဇင်ဘာအလယ်ပေါက်, အအေးခန်း, ယူနစ်(၃), စီးပွားရေးတက္ကသိုလ်, ကြိုဆိုရေး, ဆည်မြောင်း, တစ်ရာ့လေးဆယ်, ကျောင်းရှေ့, အကြော်တဲ, ညောင်ပင်, အကောက်ခွန်, လိုင်စင်ရုံး(အလယ်ပေါက်), ဦးထွန်းမြတ်, ဆေးရုံရှေ့, ကျောက်လမ်း, တပ်ရင်း(၃), လေကျောင်း, သင်တန်းကျောင်း, နတ်စင်, တောင်/မြောက်လမ်းဆုံ, တောင်/မြောက်လမ်းဆုံ, နတ်စင်, သင်တန်းကျောင်း, လေကျောင်း, တပ်ရင်း(၃), ကျောက်လမ်း, ဆေးရုံရှေ့, ဦးထွန်းမြတ်, လိုင်စင်ရုံး(အလယ်ပေါက်), အကောက်ခွန်, ညောင်ပင်, အကြော်တဲ, ကျောင်းရှေ့, တစ်ရာ့လေးဆယ်, ဆည်မြောင်း, ကြိုဆိုရေး, စီးပွားရေးတက္ကသိုလ်, ယူနစ်(၃), အအေးခန်း, ဒီဇင်ဘာအလယ်ပေါက်, သပြေခြံ, မုန့်ဖို, ဦးခွေးပု, သမ, ရိပ်သာ, လေးထောင့်ကန်(ဆိုက်မွေး ၁)"
47,3,"လှိုင်သာယာ ဘီအိုစီ, တွံတေးကြိုးတံတား, တွံတေးမြို့, ဘုရားငုတ်တို, ကံဘဲ့, တွံတေး",""
48,3,"ဒလ, ဘုရားငုတ်တို, တွံတေး",""
49,3,"လှိုင်သာယာ ဘီအိုစီ, တွံတေးကြိုးတံတား, ဘုရားငုတ်တို, ကံဘဲ့, ကော့မှူး, ကွမ်းခြံကုန်း",""
50,3,"ဒလ, ဘုရားငုတ်တို, ကံဘဲ့, ကော့မှူး, ကွမ်းခြံကုန်း",""
51,3,"ပဲခူး, သနပ်ပင်, ခရမ်း",""
52,3,"ထန်းတစ်ပင်, ရန်ကုန်ပုသိမ်လမ်း, ရန်ကုန်ညောင်တုန်းလမ်း, မီးခွက်ဈေး",""
53,3,"ရွှေလင်ဗန်းလမ်းဆုံ, ကျန်စစ်သားလမ်း, ညောင်တုန်းလမ်း, ဗိုလ်အောင်ကျော်လမ်း, ရွှေလင်ဗန်းလမ်းဆုံ",""
54,3,"၈၆ဂိတ်, အနော်ရထာလမ်း, ရွှေရင်အေးလမ်း, ဗိုလ်အောင်ကျော်လမ်း, အောက်ထိပ်, ပုသိမ်လမ်း, ကျန်စစ်သားလမ်း, ညောင်တုန်းလမ်း, ဗိုလ်အောင်ကျော်လမ်း, ရွှေရင်အေးလမ်း, ၈၆ဂိတ်","ဘီအိုစီ, သမကုန်း, အားမာန်, (၁၂)သမ, ဈေးလေး, ပဲခူးလမ်း, ကျောင်းလမ်း, ရွှေရင်အေးဘုရား, ဆိုက်ကားဂိတ်, ရင်ထွန်း, အထက(၃), ရွှေမြင်းပျံ, (၆)သမ, မီးခွက်ဈေး, အောက်ထိပ်, ဆောက်လုပ်ရေး, ဘုရားလမ်း, ဈေးလေး, ရုံးရှေ့, မီးခွက်ဈေး, (၆)သမ, ရွှေမြင်းပျံ, အထက(၃), ရင်ထွန်း, ဆိုက်ကားဂိတ်, ရွှေရင်အေးဘုရား, ကျောင်းလမ်း, ပဲခူးလမ်း, ဈေးလေး, (၁၂)သမ, အားမာန်, သမကုန်း, ဘီအိုစီ"
55,3,"ဥက္ကံ, တိုက်ကြီး, မြောင်းတကာ, မှော်ဘီနည်းပညာတက္ကသိုလ်, မှော်ဘီ, ထောက်ကြန့်","တိုက်ကြီးဈေး, တိုက်ကြီးခန်းမ, တိုက်ကြီးဖောင်ကြီးလမ်းခွဲ, တိုက်ကြီးတာခွ, ကန်ကုန်း, အင်းယက်ကြီး, ရွှေမြယာ, ရုံးထိန်း(၃), ှှုငှက်ပျောခြံ, ကျွန်းချောင်း, ကုန်းကွေ့, ရွာလယ်, မျောက်ချောကုန်း, မြောင်းတကာရေကျော်, မြောင်းတကာစိန်ကုလား, မြောင်းတကာတာဆုံ, ကျွဲလမ်း, နတ်စင်လမ်း, သံမဏိစက်ရုံ, ဖရဲခင်း, ဆောက်လုပ်ရေး(မှော်ဘီ), ချမ်းအေး, ဆောက်လုပ်ရေးသစ်, ကြက်ခြံပေါက်, ကုလားကုန်း, ဆိုက်သစ်, မနီ, ဆေးဝါး, ဘောလုံးရဲဂိတ်, ဘောလုံးစက်ရုံ, ဖိနပ်စက်, အီကွေတာ, ဂျပန်ဆိုက်, လမ်းနီလေး, မြို့ချောင်း, အုတ်စက်, အောင်ချမ်းသာ, ဂျီတီစီအလယ်ပေါက်, ဂျီတီစီရေအိုး, ဂျီတီစီဆိုက်သစ်, အုန်းခြံ, ဒေါင်းလေးကွေ့, ဦးသုမင်္ဂလ, စုပေါင်းရုံး, ထန်းတပင်တာဆုံ, မီးစက်(မှော်ဘီ), သရက်တောပေါက်, မှော်ဘီကားလေးဂိတ်, မှော်ဘီဈေး, ရုပ်ရှင်ရုံ, အမှတ်(၄), ရုံးပေါက်, (၁၆)ဂိတ်, ဆပ်ပလိုင်း, လေတပ်, မော်တော်ယာဉ်, ဆေးတပ်, ဗိုလ်သင်တန်း, ဆက်သွယ်ရေး, (၉၁)ဂိတ်, ဆယ့်တစ်တော, မိန်းမလိုင်း, စမ်းချောင်းပေါက်, ရဲဘော်ဈေး, ကြက်ဖြူကန်, ဆေးခန်း, မီးစက်, တစ်ဆယ့်ငါး, ရုပ်သံ, (၂)ဂိတ်, ရေအိုးစင်, ကြံ့ခိုင်ရေး, ဆောက်လုပ်ရေး, (၈၂), (၉)ဂိတ်, ဂိတ်ဟောင်း, ထောက်ကြန့်လမ်းဆုံ, ထောက်ကြန့်လမ်းဆုံ, ဂိတ်ဟောင်း, (၉)ဂိတ်, (၈၂), ဆောက်လုပ်ရေး, ကြံ့ခိုင်ရေး, ရေအိုးစင်, (၂)ဂိတ်, ရုပ်သံ, တစ်ဆယ့်ငါး, မီးစက်, ဆေးခန်း, ကြက်ဖြူကန်, ရဲဘော်ဈေး, စမ်းချောင်းပေါက်, မိန်းမလိုင်း, ဆယ့်တစ်တော, (၉၁)ဂိတ်, ဆက်သွယ်ရေး, ဗိုလ်သင်တန်း, ဆေးတပ်, မော်တော်ယာဉ်, လေတပ်, ဆပ်ပလိုင်း, (၁၆)ဂိတ်, ရုံးပေါက်, အမှတ်(၄), ရုပ်ရှင်ရုံ, မှော်ဘီဈေး, မှော်ဘီကားလေးဂိတ်, သရက်တောပေါက်, မီးစက်(မှော်ဘီ), ထန်းတပင်တာဆုံ, စုပေါင်းရုံး, ဦးသုမင်္ဂလ, ဒေါင်းလေးကွေ့, အုန်းခြံ, ဂျီတီစီဆိုက်သစ်, ဂျီတီစီရေအိုး, ဂျီတီစီအလယ်ပေါက်, အောင်ချမ်းသာ, အုတ်စက်, မြို့ချောင်း, လမ်းနီလေး, ဂျပန်ဆိုက်, အီကွေတာ, ဖိနပ်စက်, ဘောလုံးစက်ရုံ, ဘောလုံးရဲဂိတ်, ဆေးဝါး, မနီ, ဆိုက်သစ်, ကုလားကုန်း, ကြက်ခြံပေါက်, ဆောက်လုပ်ရေးသစ်, ချမ်းအေး, ဆောက်လုပ်ရေး(မှော်ဘီ), ဖရဲခင်း, သံမဏိစက်ရုံ, နတ်စင်လမ်း, ကျွဲလမ်း, မြောင်းတကာတာဆုံ, မြောင်းတကာစိန်ကုလား, မြောင်းတကာရေကျော်, မျောက်ချောကုန်း, ရွာလယ်, ကုန်းကွေ့, ကျွန်းချောင်း, ှှုငှက်ပျောခြံ, ရုံးထိန်း(၃), ရွှေမြယာ, အင်းယက်ကြီး, ကန်ကုန်း, တိုက်ကြီးတာခွ, တိုက်ကြီးဖောင်ကြီးလမ်းခွဲ, တိုက်ကြီးခန်းမ, တိုက်ကြီးဈေး"
56,4,"သခင်မြပန်းခြံ, ဗိုလ်ချုပ်အောင်ဆန်းလမ်း, ဗိုလ်တထောင်ဘုရားလမ်း, ကုန်သည်လမ်း, ကမ်းနားလမ်း, သခင်မြပန်းခြံ","သခင်မြပန်းခြံ, ဗိုလ်ချုပ်ကွေ့, ဗဟိုစည်/မော်တင်, သရက်တောကျောင်း, ဆေးရုံကြီး, ဗိုလ်ချုပ်ဈေး, ပန်းဆိုးတန်း, (၄၆)လမ်း, လမ်း(၅၀), ဆီဆိုင်, (၅၀)ကွေ့, ရဲစခန်း, လမ်း(၅၀), ဘိုကလေးဈေး, ပန်းဆိုးတန်း(ဆိပ်ကမ်းသာလမ်း), လမ်း(၃၀), လသာ, ညောင်ပင်လေးဈေး, မော်တင်, ကီလီ, ကျုံးကြီးဂိတ်, သခင်မြပန်းခြံ"
57,4,"သခင်မြပန်းခြံ, ကမ်းနားလမ်း, မဟာဗန္ဓုလလမ်း, ဗိုလ်တထောင်, ဘုရားလမ်း, ကမ်းနားလမ်း, သခင်မြပန်းခြံ","သခင်မြပန်းခြံ, ကျုံးကြီးဂိတ်, ကီလီ, မော်တင်, (၁၅)လမ်း, မောင်ခိုင်, သိမ်ကြီးဈေး/ကုန်ဈေးတန်း, ဆူးလေပန်းခြံ, ပန်းဆိုးတန်း, ဘိုကလေးဈေး, (၄၆)လမ်း, လမ်း(၅၀), ရဲစခန်း, ဗိုလ်တထောင်ဘုရား, ဗဟိုရုံး, ဘိုကလေးဈေး, ပန်းဆိုးတန်း, (၆)ထပ်ရုံး, လသာ, ညောင်ပင်လေးဈေး, မော်တင်, ကီလီ, ကျုံးကြီးဂိတ်, သခင်မြပန်းခြံ"
58,4,"ဗိုလ်တထောင်ဘုရား(ကမ်းနားလမ်း), ဗိုလ်တထောင်ဘုရားလမ်း, အနော်ရထာလမ်း, ကမ်းနားလမ်း, ဗိုလ်တထောင်ဘုရား","ဗိုလ်တထောင်ဘုရား, ရဲစခန်း, (၅၀)ကွေ့, ဆီဆိုင်, လမ်း(၅၀), (၄၆)လမ်း, ပန်းဆိုးတန်း, ဘားလမ်း, လမ်း(၃၀), ကုန်ဈေးတန်း, လသာ, (၁၅)လမ်း/ညောင်ပင်လေးဈေး, စံပြ, ကလီ, ကျုံးကြီးဂိတ်, ကီလီ, မော်တင်, ညောင်ပင်လေးဈေး, လသာ, (၆)ထပ်ရုံး, ပန်းဆိုးတန်း, စာတိုက်ကြီး, ဘိုကလေးဈေး, ဗဟိုရုံး"
59,1,"သင်္ဃန်းကျွန်းစံပြဈေး, သံသုမာ, ကြက်ဘဲစျေး, အာသောကလမ်း, တာမွေအဝိုင်း, သမိန်ဗရမ်းလမ်း, ရွှေဂုံတိုင်လမ်း, ရွှေဂုံတိုင်ဂုံးကျော်တံတား, ရွှေဂုံလမ်း, ဓမ္မစေတီလမ်း, ဗားကရာလမ်း, အောက်ကြည့်မြင့်တိုင်လမ်း, သခင်မြပန်းခြံလမ်း, ကြည့်မြင့်တိုင်ကမ်းနားလမ်း, နှင်းဆီကုန်းလမ်း","စံပြဈေးကွေ့, ချမ်းအေးသွားဆေး, ဝေဘူလ, သုဝဏ္ဏဈေး, မီးဒုံး, မင်းဒင်, ပေါ်ဆန်းမွှေး, ကျောင်းလမ်း, စုပေါင်း, ရေစက်, သုဝဏ္ဏလမ်းဆုံ, ကော်စက်, ဈေးလေး, အာသောက, တာမွေဗလီ, တာမွေပလာဇာ, အဝိုင်းထိပ်/တာမွေ, (၆)ထပ်ကြီး, (၅)ထပ်ကြီး, ဗန်ဒါပင်, ရွှေဂုံတိုင်, ရွှေဂုံတိုင်, အုတ်လမ်း, လင့်လမ်း, ဝိဇယပလာဇာ, မြေနီကုန်း, ရွှေမန်း, ရှမ်းလမ်း, (၉)ထပ်ကြီး, ကျောင်းရှေ့, ဟုမ်းလမ်း, ဝှိုက်တော, ဆင်မင်းဈေး, ချန်မာဖီ, အလုံစာတိုက်, ဂျမခါနာ, ဂျမခါနာ, အလုံစာတိုက်, ချန်မာဖီ, ဆင်မင်းဈေး, ဝှိုက်တော, ဟုမ်းလမ်း, ကျောင်းရှေ့, (၉)ထပ်ကြီး, ရှမ်းလမ်း, ရွှေမန်း, မြေနီကုန်း, ဝိဇယပလာဇာ, လင့်လမ်း, အုတ်လမ်း, ရွှေဂုံတိုင်, ရွှေဂုံတိုင်, ဗန်ဒါပင်, (၅)ထပ်ကြီး, (၆)ထပ်ကြီး, အဝိုင်းထိပ်/တာမွေ, တာမွေပလာဇာ, တာမွေဗလီ, အာသောက, ဈေးလေး, ကော်စက်, သုဝဏ္ဏလမ်းဆုံ, ရေစက်, စုပေါင်း, ကျောင်းလမ်း, ပေါ်ဆန်းမွှေး, မင်းဒင်, မီးဒုံး, သုဝဏ္ဏဈေး, ဝေဘူလ, ချမ်းအေးသွားဆေး, စံပြဈေးကွေ့"
60,3,"တောင်ဒဂုံ, သာကေတဧရာဝဏ်, ပြည်ထောင်စုလမ်းဆုံ, ပြည်ထောင်စုလမ်းမကြီး, တောင်မြောက်လမ်းဆုံ, အမှတ်(၂)လမ်း, သင်္ဃန်းကျွန်းစံပြစျေး, သံသုမာလမ်း, ရတနာလမ်း(သင်္ဃန်းကျွန်း), အောင်ဇေယျလမ်း, ကျောက်ကုန်း","အဝိုင်း, (၁၀)ဈေး, (၃၄)ကားကြီးဂိတ်, ဘုရားလေး, သံလမ်း, သစ်ဆိတ်, အလိုတော်ပြည့်, ဆောက်လုပ်ရေး, စစ်တောင်းလမ်းထိပ်, ရွှေတောင်ကြားလမ်း, ဧရာဝတီလမ်းထိပ်, စက်မှုဇုံဈေး, စက်မှုဇုံ(၂), ဂျီအီးစီ, သစ်ဆိုင်ကွေ့, ယောက်ကော်, ပန်းခြံ, သံလမ်း, တောင်/မြောက်လမ်းဆုံ, တံတားဖြူ, ကားကြီးဂိတ်, စံပြဈေး/ငမိုးရိပ်, လိုင်စင်ရုံး, ဒေဝဒဟ, ဘဝမြင့်, အာနန္ဒာဘုရား, ဂိတ်ဟောင်း, ကျိုက္ကစံဘုရား, (၁၄/၁၅)လမ်းဆုံ, ရတနာဈေး, ကုလားဘုရား, (၁၆)ကွေ့, သံလမ်း, ကျောက်ကုန်း, ကျောက်ကုန်း, သံလမ်း, (၁၆)ကွေ့, ကုလားဘုရား, ရတနာဈေး, (၁၄/၁၅)လမ်းဆုံ, ကျိုက္ကစံဘုရား, ဂိတ်ဟောင်း, အာနန္ဒာဘုရား, ဘဝမြင့်, ဒေဝဒဟ, လိုင်စင်ရုံး, စံပြဈေး/ငမိုးရိပ်, ကားကြီးဂိတ်, တံတားဖြူ, တောင်/မြောက်လမ်းဆုံ, သံလမ်း, ပန်းခြံ, ယောက်ကော်, သစ်ဆိုင်ကွေ့, ဂျီအီးစီ, စက်မှုဇုံ(၂), စက်မှုဇုံဈေး, ဧရာဝတီလမ်းထိပ်, ရွှေတောင်ကြားလမ်း, စစ်တောင်းလမ်းထိပ်, ဆောက်လုပ်ရေး, အလိုတော်ပြည့်, သစ်ဆိတ်, သံလမ်း, ဘုရားလေး, (၃၄)ကားကြီးဂိတ်, (၁၀)ဈေး, အဝိုင်း"
61,1,"အနောက်ပိုင်းနည်းပညာတက္ကသိုလ်, ဒဂုံဧရာအဝေးပြေးဝင်း, သမကုန်းအဝိုင်း, ဘီအိုစီအဝိုင်း, မီးခွက်စျေး, အောင်ဇေယျတံတား, ဘုရင့်နောင်လမ်း, ဘုရင့်နောင်လမ်းဆုံ, သမိုင်းလမ်းဆုံ, ရှစ်မိုင်လမ်းဆုံ, လှည်းတန်း, မြေနီကုန်း, ရွှေဂုံတိုင်, ရန်ကုန်ဘူတာကြီး, ဆူးလေ","နည်းပညာတက္ကသိုလ်, ဒဂုံဧရာအဝေးပြေး, သမကုန်း, ဘီအိုစီ, စနေမ, မီးခွက်ဈေး, ရုံးရှေ့, (၅)ထိပ်, (၃)ထိပ်, (၁)ထိပ်, အင်းစိန်ကမ်းနား, ပေါက်တောဝ, ညောင်ပင်, မြို့သစ်ဈေးု, ပိတောက်လမ်း, ကြို့ကုန်းလမ်းဆုံ, ဘုရင့်နောင်ဈေး/ဈေးပွဲရုံ, ဘုရင့်နောင်လမ်းဆုံ, ဈေးဘူတာ, ဦးဘဟန်, ကြွေ(၁), သမိုင်းလမ်းဆုံ, ရဲရန်အောင်, ကျိုက်ဝိုင်း, ရဲဘော်ဟောင်း, (၈)မိုင်, (၇)မိုင်, အေဒီ, ကျောင်းကွေ့, (၆)မိုင်ခွဲ, တံတားဖြူ, မာလာ, စိုက်ပျိုးရေး, ဟံသာဝတီ, မဟာမြိုင်, မြေနီကုန်း(ပြည်လမ်း), မြေနီကုန်း, ဝိဇယပလာဇာ, လင့်လမ်း, အုတ်လမ်း, ရွှေဂုံတိုင်, ရွှေဂုံတိုင်, ဗဟန်းသုံးလမ်း, ကျောက်တိုင်, ယောက်လမ်း, ရုပ်ရှင်ရုံ, ဆူးလေမြို့တော်ခန်းမ, ယောက်လမ်း, ကျောက်တိုင်, ဗဟန်းသုံးလမ်း, ရေခဲဆိုင်, ရွှေဂုံတိုင်, အုတ်လမ်း, လင့်လမ်း, မြေနီကုန်း, မြေနီကုန်း(ပြည်လမ်း), မဟာမြိုင်, ဟံသာဝတီ, စိုက်ပျိုးရေး, မာလာ, တံတားဖြူ, (၆)မိုင်ခွဲ, ကျောင်းကွေ့, အေဒီ, (၇)မိုင်, (၈)မိုင်, ရဲဘော်ဟောင်း, ကျိုက်ဝိုင်း, ရဲရန်အောင်, သမိုင်းလမ်းဆုံ, ကြွေ(၁), ဦးဘဟန်, ဈေးဘူတာ, ဘုရင့်နောင်လမ်းဆုံ, ဘုရင့်နောင်ဈေး/ဈေးပွဲရုံ, ကြို့ကုန်းလမ်းဆုံ, ပိတောက်လမ်း, မြို့သစ်ဈေးု, ညောင်ပင်, ပေါက်တောဝ, အင်းစိန်ကမ်းနား, (၁)ထိပ်, (၃)ထိပ်, (၅)ထိပ်, ရုံးရှေ့, မီးခွက်ဈေး, စနေမ, ဘီအိုစီ, သမကုန်း, ဒဂုံဧရာအဝေးပြေး, နည်းပညာတက္ကသိုလ်"
